[31mX [41;31m[[41;97mERROR[41;31m][0m [1mTS2304: Cannot find name 'TimeoutError'.[0m [1m[35m[plugin angular-compiler][0m

    C:/Users/Vinaykumar.R/Desktop/Redis API Rate Limiting and DDoS Protection POC/frontend/src/app/core/admin-api.service.ts:146:25:
[37m      146 │     if (error instanceof [32mTimeoutError[37m) {
          ╵                          [32m~~~~~~~~~~~~[0m


[31mX [41;31m[[41;97mERROR[41;31m][0m [1mTS2304: Cannot find name 'TIMEOUT_STATUS'.[0m [1m[35m[plugin angular-compiler][0m

    C:/Users/Vinaykumar.R/Desktop/Redis API Rate Limiting and DDoS Protection POC/frontend/src/app/core/admin-api.service.ts:148:16:
[37m      148 │         status: [32mTIMEOUT_STATUS[37m,
          ╵                 [32m~~~~~~~~~~~~~~[0m


[31mX [41;31m[[41;97mERROR[41;31m][0m [1mTS2304: Cannot find name 'TIMEOUT_STATUS'.[0m [1m[35m[plugin angular-compiler][0m

    C:/Users/Vinaykumar.R/Desktop/Redis API Rate Limiting and DDoS Protection POC/frontend/src/app/core/admin-api.service.ts:148:16:
[37m      148 │         status: [32mTIMEOUT_STATUS[37m,
          ╵                 [32m~~~~~~~~~~~~~~[0m


[31mX [41;31m[[41;97mERROR[41;31m][0m [1mTS2304: Cannot find name 'AdminApiError'.[0m [1m[35m[plugin angular-compiler][0m

    C:/Users/Vinaykumar.R/Desktop/Redis API Rate Limiting and DDoS Protection POC/frontend/src/app/features/admin/admin-login.component.ts:62:44:
[37m      62 │ export function describeLoginFailure(error: [32mAdminApiError[37m): string {
         ╵                                             [32m~~~~~~~~~~~~~[0m


[31mX [41;31m[[41;97mERROR[41;31m][0m [1mTS2304: Cannot find name 'TIMEOUT_STATUS'.[0m [1m[35m[plugin angular-compiler][0m

    C:/Users/Vinaykumar.R/Desktop/Redis API Rate Limiting and DDoS Protection POC/frontend/src/app/features/admin/admin-login.component.ts:65:23:
[37m      65 │   if (error.status === [32mTIMEOUT_STATUS[37m) return error.message;
         ╵                        [32m~~~~~~~~~~~~~~[0m


[31mX [41;31m[[41;97mERROR[41;31m][0m [1mTS2304: Cannot find name 'RouterLink'.[0m [1m[35m[plugin angular-compiler][0m

    C:/Users/Vinaykumar.R/Desktop/Redis API Rate Limiting and DDoS Protection POC/frontend/src/app/features/dashboard/dashboard-page.component.ts:21:12:
[37m      21 │   imports: [[32mRouterLink[37m],
         ╵             [32m~~~~~~~~~~[0m


[31mX [41;31m[[41;97mERROR[41;31m][0m [1mNG1010: 'imports' must be an array of components, directives, pipes, or NgModules.
  Value could not be determined statically.[0m [1m[35m[plugin angular-compiler][0m

    C:/Users/Vinaykumar.R/Desktop/Redis API Rate Limiting and DDoS Protection POC/frontend/src/app/features/dashboard/dashboard-page.component.ts:21:12:
[37m      21 │   imports: [[32mRouterLink[37m],
         ╵             [32m~~~~~~~~~~[0m

  Unknown reference.

    C:/Users/Vinaykumar.R/Desktop/Redis API Rate Limiting and DDoS Protection POC/frontend/src/app/features/dashboard/dashboard-page.component.ts:21:12:
[37m      21 │   imports: [[32mRouterLink[37m],
         ╵             [32m~~~~~~~~~~[0m


[2m11:31:28 am[22m [31m[1m[vite][22m[39m [31mhttp proxy error: /actuator/health[39m
AggregateError [ECONNREFUSED]: 
    at internalConnectMultiple (node:net:1339:18)
    at afterConnectMultiple (node:net:1942:7)
[2m11:31:28 am[22m [31m[1m[vite][22m[39m [31mhttp proxy error: /actuator/metrics/ratelimit.requests[39m
AggregateError [ECONNREFUSED]: 
    at internalConnectMultiple (node:net:1339:18)
    at afterConnectMultiple (node:net:1942:7)
[2m11:31:28 am[22m [31m[1m[vite][22m[39m [31mhttp proxy error: /api/poc/policies[39m
AggregateError [ECONNREFUSED]: 
    at internalConnectMultiple (node:net:1339:18)
    at afterConnectMultiple (node:net:1942:7)
[2m11:31:29 am[22m [31m[1m[vite][22m[39m [31mhttp proxy error: /api/admin/rate-limit/policies[39m
AggregateError [ECONNREFUSED]: 
    at internalConnectMultiple (node:net:1339:18)
    at afterConnectMultiple (node:net:1942:7)
[2m1:16:45 pm[22m [31m[1m[vite][22m[39m [31mhttp proxy error: /actuator/health[39m
AggregateError [ECONNREFUSED]: 
    at internalConnectMultiple (node:net:1339:18)
    at afterConnectMultiple (node:net:1942:7)
[2m1:16:45 pm[22m [31m[1m[vite][22m[39m [31mhttp proxy error: /actuator/metrics/ratelimit.requests[39m
AggregateError [ECONNREFUSED]: 
    at internalConnectMultiple (node:net:1339:18)
    at afterConnectMultiple (node:net:1942:7)
[2m1:16:45 pm[22m [31m[1m[vite][22m[39m [31mhttp proxy error: /api/poc/policies[39m
AggregateError [ECONNREFUSED]: 
    at internalConnectMultiple (node:net:1339:18)
    at afterConnectMultiple (node:net:1942:7)
[2m1:16:45 pm[22m [31m[1m[vite][22m[39m [31mhttp proxy error: /actuator/health[39m
AggregateError [ECONNREFUSED]: 
    at internalConnectMultiple (node:net:1339:18)
    at afterConnectMultiple (node:net:1942:7)
[2m1:16:45 pm[22m [31m[1m[vite][22m[39m [31mhttp proxy error: /actuator/metrics/ratelimit.requests[39m
AggregateError [ECONNREFUSED]: 
    at internalConnectMultiple (node:net:1339:18)
    at afterConnectMultiple (node:net:1942:7)
[2m1:16:45 pm[22m [31m[1m[vite][22m[39m [31mhttp proxy error: /api/poc/policies[39m
AggregateError [ECONNREFUSED]: 
    at internalConnectMultiple (node:net:1339:18)
    at afterConnectMultiple (node:net:1942:7)
[2m1:16:48 pm[22m [31m[1m[vite][22m[39m [31mhttp proxy error: /actuator/health[39m
AggregateError [ECONNREFUSED]: 
    at internalConnectMultiple (node:net:1339:18)
    at afterConnectMultiple (node:net:1942:7)
[2m1:16:48 pm[22m [31m[1m[vite][22m[39m [31mhttp proxy error: /actuator/metrics/ratelimit.requests[39m
AggregateError [ECONNREFUSED]: 
    at internalConnectMultiple (node:net:1339:18)
    at afterConnectMultiple (node:net:1942:7)
[2m1:16:48 pm[22m [31m[1m[vite][22m[39m [31mhttp proxy error: /api/poc/policies[39m
AggregateError [ECONNREFUSED]: 
    at internalConnectMultiple (node:net:1339:18)
    at afterConnectMultiple (node:net:1942:7)
[2m1:16:49 pm[22m [31m[1m[vite][22m[39m [31mhttp proxy error: /actuator/health[39m
AggregateError [ECONNREFUSED]: 
    at internalConnectMultiple (node:net:1339:18)
    at afterConnectMultiple (node:net:1942:7)
[2m1:16:49 pm[22m [31m[1m[vite][22m[39m [31mhttp proxy error: /actuator/metrics/ratelimit.requests[39m
AggregateError [ECONNREFUSED]: 
    at internalConnectMultiple (node:net:1339:18)
    at afterConnectMultiple (node:net:1942:7)
[2m1:16:49 pm[22m [31m[1m[vite][22m[39m [31mhttp proxy error: /api/poc/policies[39m
AggregateError [ECONNREFUSED]: 
    at internalConnectMultiple (node:net:1339:18)
    at afterConnectMultiple (node:net:1942:7)
[2m1:16:49 pm[22m [31m[1m[vite][22m[39m [31mhttp proxy error: /actuator/health[39m
AggregateError [ECONNREFUSED]: 
    at internalConnectMultiple (node:net:1339:18)
    at afterConnectMultiple (node:net:1942:7)
[2m1:16:49 pm[22m [31m[1m[vite][22m[39m [31mhttp proxy error: /actuator/metrics/ratelimit.requests[39m
AggregateError [ECONNREFUSED]: 
    at internalConnectMultiple (node:net:1339:18)
    at afterConnectMultiple (node:net:1942:7)
[2m1:16:49 pm[22m [31m[1m[vite][22m[39m [31mhttp proxy error: /api/poc/policies[39m
AggregateError [ECONNREFUSED]: 
    at internalConnectMultiple (node:net:1339:18)
    at afterConnectMultiple (node:net:1942:7)
[2m1:16:53 pm[22m [31m[1m[vite][22m[39m [31mhttp proxy error: /api/admin/rate-limit/policies[39m
AggregateError [ECONNREFUSED]: 
    at internalConnectMultiple (node:net:1339:18)
    at afterConnectMultiple (node:net:1942:7)
[2m1:16:55 pm[22m [31m[1m[vite][22m[39m [31mhttp proxy error: /actuator/health[39m
AggregateError [ECONNREFUSED]: 
    at internalConnectMultiple (node:net:1339:18)
    at afterConnectMultiple (node:net:1942:7)
[2m1:16:55 pm[22m [31m[1m[vite][22m[39m [31mhttp proxy error: /actuator/metrics/ratelimit.requests[39m
AggregateError [ECONNREFUSED]: 
    at internalConnectMultiple (node:net:1339:18)
    at afterConnectMultiple (node:net:1942:7)
[2m1:16:55 pm[22m [31m[1m[vite][22m[39m [31mhttp proxy error: /api/poc/policies[39m
AggregateError [ECONNREFUSED]: 
    at internalConnectMultiple (node:net:1339:18)
    at afterConnectMultiple (node:net:1942:7)
[2m1:16:55 pm[22m [31m[1m[vite][22m[39m [31mhttp proxy error: /api/admin/rate-limit/policies[39m
AggregateError [ECONNREFUSED]: 
    at internalConnectMultiple (node:net:1339:18)
    at afterConnectMultiple (node:net:1942:7)
[2m1:17:00 pm[22m [31m[1m[vite][22m[39m [31mhttp proxy error: /api/admin/rate-limit/policies[39m
AggregateError [ECONNREFUSED]: 
    at internalConnectMultiple (node:net:1339:18)
    at afterConnectMultiple (node:net:1942:7)
[2m1:20:58 pm[22m [31m[1m[vite][22m[39m [31mhttp proxy error: /actuator/health[39m
AggregateError [ECONNREFUSED]: 
    at internalConnectMultiple (node:net:1339:18)
    at afterConnectMultiple (node:net:1942:7)
[2m1:20:58 pm[22m [31m[1m[vite][22m[39m [31mhttp proxy error: /actuator/metrics/ratelimit.requests[39m
AggregateError [ECONNREFUSED]: 
    at internalConnectMultiple (node:net:1339:18)
    at afterConnectMultiple (node:net:1942:7)
[2m1:20:58 pm[22m [31m[1m[vite][22m[39m [31mhttp proxy error: /api/poc/policies[39m
AggregateError [ECONNREFUSED]: 
    at internalConnectMultiple (node:net:1339:18)
    at afterConnectMultiple (node:net:1942:7)
[2m1:21:00 pm[22m [31m[1m[vite][22m[39m [31mhttp proxy error: /actuator/health[39m
AggregateError [ECONNREFUSED]: 
    at internalConnectMultiple (node:net:1339:18)
    at afterConnectMultiple (node:net:1942:7)
[2m1:21:00 pm[22m [31m[1m[vite][22m[39m [31mhttp proxy error: /actuator/metrics/ratelimit.requests[39m
AggregateError [ECONNREFUSED]: 
    at internalConnectMultiple (node:net:1339:18)
    at afterConnectMultiple (node:net:1942:7)
[2m1:21:00 pm[22m [31m[1m[vite][22m[39m [31mhttp proxy error: /api/poc/policies[39m
AggregateError [ECONNREFUSED]: 
    at internalConnectMultiple (node:net:1339:18)
    at afterConnectMultiple (node:net:1942:7)
[2m1:21:01 pm[22m [31m[1m[vite][22m[39m [31mhttp proxy error: /actuator/health[39m
AggregateError [ECONNREFUSED]: 
    at internalConnectMultiple (node:net:1339:18)
    at afterConnectMultiple (node:net:1942:7)
[2m1:21:01 pm[22m [31m[1m[vite][22m[39m [31mhttp proxy error: /actuator/metrics/ratelimit.requests[39m
AggregateError [ECONNREFUSED]: 
    at internalConnectMultiple (node:net:1339:18)
    at afterConnectMultiple (node:net:1942:7)
[2m1:21:01 pm[22m [31m[1m[vite][22m[39m [31mhttp proxy error: /api/poc/policies[39m
AggregateError [ECONNREFUSED]: 
    at internalConnectMultiple (node:net:1339:18)
    at afterConnectMultiple (node:net:1942:7)
[2m1:21:02 pm[22m [31m[1m[vite][22m[39m [31mhttp proxy error: /actuator/health[39m
AggregateError [ECONNREFUSED]: 
    at internalConnectMultiple (node:net:1339:18)
    at afterConnectMultiple (node:net:1942:7)
[2m1:21:02 pm[22m [31m[1m[vite][22m[39m [31mhttp proxy error: /actuator/metrics/ratelimit.requests[39m
AggregateError [ECONNREFUSED]: 
    at internalConnectMultiple (node:net:1339:18)
    at afterConnectMultiple (node:net:1942:7)
[2m1:21:02 pm[22m [31m[1m[vite][22m[39m [31mhttp proxy error: /api/poc/policies[39m
AggregateError [ECONNREFUSED]: 
    at internalConnectMultiple (node:net:1339:18)
    at afterConnectMultiple (node:net:1942:7)
[2m1:21:02 pm[22m [31m[1m[vite][22m[39m [31mhttp proxy error: /actuator/health[39m
AggregateError [ECONNREFUSED]: 
    at internalConnectMultiple (node:net:1339:18)
    at afterConnectMultiple (node:net:1942:7)
[2m1:21:02 pm[22m [31m[1m[vite][22m[39m [31mhttp proxy error: /actuator/metrics/ratelimit.requests[39m
AggregateError [ECONNREFUSED]: 
    at internalConnectMultiple (node:net:1339:18)
    at afterConnectMultiple (node:net:1942:7)
[2m1:21:02 pm[22m [31m[1m[vite][22m[39m [31mhttp proxy error: /api/poc/policies[39m
AggregateError [ECONNREFUSED]: 
    at internalConnectMultiple (node:net:1339:18)
    at afterConnectMultiple (node:net:1942:7)
[2m1:22:50 pm[22m [31m[1m[vite][22m[39m [31mhttp proxy error: /actuator/health[39m
AggregateError [ECONNREFUSED]: 
    at internalConnectMultiple (node:net:1339:18)
    at afterConnectMultiple (node:net:1942:7)
[2m1:22:50 pm[22m [31m[1m[vite][22m[39m [31mhttp proxy error: /actuator/metrics/ratelimit.requests[39m
AggregateError [ECONNREFUSED]: 
    at internalConnectMultiple (node:net:1339:18)
    at afterConnectMultiple (node:net:1942:7)
[2m1:22:50 pm[22m [31m[1m[vite][22m[39m [31mhttp proxy error: /api/poc/policies[39m
AggregateError [ECONNREFUSED]: 
    at internalConnectMultiple (node:net:1339:18)
    at afterConnectMultiple (node:net:1942:7)
[2m1:22:51 pm[22m [31m[1m[vite][22m[39m [31mhttp proxy error: /actuator/health[39m
AggregateError [ECONNREFUSED]: 
    at internalConnectMultiple (node:net:1339:18)
    at afterConnectMultiple (node:net:1942:7)
[2m1:22:51 pm[22m [31m[1m[vite][22m[39m [31mhttp proxy error: /actuator/metrics/ratelimit.requests[39m
AggregateError [ECONNREFUSED]: 
    at internalConnectMultiple (node:net:1339:18)
    at afterConnectMultiple (node:net:1942:7)
[2m1:22:51 pm[22m [31m[1m[vite][22m[39m [31mhttp proxy error: /api/poc/policies[39m
AggregateError [ECONNREFUSED]: 
    at internalConnectMultiple (node:net:1339:18)
    at afterConnectMultiple (node:net:1942:7)
[2m1:22:53 pm[22m [31m[1m[vite][22m[39m [31mhttp proxy error: /actuator/metrics/ratelimit.requests[39m
AggregateError [ECONNREFUSED]: 
    at internalConnectMultiple (node:net:1339:18)
    at afterConnectMultiple (node:net:1942:7)
[2m1:22:53 pm[22m [31m[1m[vite][22m[39m [31mhttp proxy error: /actuator/health[39m
AggregateError [ECONNREFUSED]: 
    at internalConnectMultiple (node:net:1339:18)
    at afterConnectMultiple (node:net:1942:7)
[2m1:22:53 pm[22m [31m[1m[vite][22m[39m [31mhttp proxy error: /api/poc/policies[39m
AggregateError [ECONNREFUSED]: 
    at internalConnectMultiple (node:net:1339:18)
    at afterConnectMultiple (node:net:1942:7)
[2m1:22:54 pm[22m [31m[1m[vite][22m[39m [31mhttp proxy error: /actuator/health[39m
AggregateError [ECONNREFUSED]: 
    at internalConnectMultiple (node:net:1339:18)
    at afterConnectMultiple (node:net:1942:7)
[2m1:22:54 pm[22m [31m[1m[vite][22m[39m [31mhttp proxy error: /actuator/metrics/ratelimit.requests[39m
AggregateError [ECONNREFUSED]: 
    at internalConnectMultiple (node:net:1339:18)
    at afterConnectMultiple (node:net:1942:7)
[2m1:22:54 pm[22m [31m[1m[vite][22m[39m [31mhttp proxy error: /api/poc/policies[39m
AggregateError [ECONNREFUSED]: 
    at internalConnectMultiple (node:net:1339:18)
    at afterConnectMultiple (node:net:1942:7)
[2m1:22:58 pm[22m [31m[1m[vite][22m[39m [31mhttp proxy error: /actuator/health[39m
AggregateError [ECONNREFUSED]: 
    at internalConnectMultiple (node:net:1339:18)
    at afterConnectMultiple (node:net:1942:7)
[2m1:22:58 pm[22m [31m[1m[vite][22m[39m [31mhttp proxy error: /actuator/metrics/ratelimit.requests[39m
AggregateError [ECONNREFUSED]: 
    at internalConnectMultiple (node:net:1339:18)
    at afterConnectMultiple (node:net:1942:7)
[2m1:22:58 pm[22m [31m[1m[vite][22m[39m [31mhttp proxy error: /api/poc/policies[39m
AggregateError [ECONNREFUSED]: 
    at internalConnectMultiple (node:net:1339:18)
    at afterConnectMultiple (node:net:1942:7)
[2m1:22:58 pm[22m [31m[1m[vite][22m[39m [31mhttp proxy error: /actuator/health[39m
AggregateError [ECONNREFUSED]: 
    at internalConnectMultiple (node:net:1339:18)
    at afterConnectMultiple (node:net:1942:7)
[2m1:22:58 pm[22m [31m[1m[vite][22m[39m [31mhttp proxy error: /actuator/metrics/ratelimit.requests[39m
AggregateError [ECONNREFUSED]: 
    at internalConnectMultiple (node:net:1339:18)
    at afterConnectMultiple (node:net:1942:7)
[2m1:22:58 pm[22m [31m[1m[vite][22m[39m [31mhttp proxy error: /api/poc/policies[39m
AggregateError [ECONNREFUSED]: 
    at internalConnectMultiple (node:net:1339:18)
    at afterConnectMultiple (node:net:1942:7)
[2m1:22:59 pm[22m [31m[1m[vite][22m[39m [31mhttp proxy error: /actuator/health[39m
AggregateError [ECONNREFUSED]: 
    at internalConnectMultiple (node:net:1339:18)
    at afterConnectMultiple (node:net:1942:7)
[2m1:22:59 pm[22m [31m[1m[vite][22m[39m [31mhttp proxy error: /actuator/metrics/ratelimit.requests[39m
AggregateError [ECONNREFUSED]: 
    at internalConnectMultiple (node:net:1339:18)
    at afterConnectMultiple (node:net:1942:7)
[2m1:22:59 pm[22m [31m[1m[vite][22m[39m [31mhttp proxy error: /api/poc/policies[39m
AggregateError [ECONNREFUSED]: 
    at internalConnectMultiple (node:net:1339:18)
    at afterConnectMultiple (node:net:1942:7)
[2m1:22:59 pm[22m [31m[1m[vite][22m[39m [31mhttp proxy error: /actuator/health[39m
AggregateError [ECONNREFUSED]: 
    at internalConnectMultiple (node:net:1339:18)
    at afterConnectMultiple (node:net:1942:7)
[2m1:22:59 pm[22m [31m[1m[vite][22m[39m [31mhttp proxy error: /actuator/metrics/ratelimit.requests[39m
AggregateError [ECONNREFUSED]: 
    at internalConnectMultiple (node:net:1339:18)
    at afterConnectMultiple (node:net:1942:7)
[2m1:22:59 pm[22m [31m[1m[vite][22m[39m [31mhttp proxy error: /api/poc/policies[39m
AggregateError [ECONNREFUSED]: 
    at internalConnectMultiple (node:net:1339:18)
    at afterConnectMultiple (node:net:1942:7)
[2m1:22:59 pm[22m [31m[1m[vite][22m[39m [31mhttp proxy error: /actuator/health[39m
AggregateError [ECONNREFUSED]: 
    at internalConnectMultiple (node:net:1339:18)
    at afterConnectMultiple (node:net:1942:7)
[2m1:22:59 pm[22m [31m[1m[vite][22m[39m [31mhttp proxy error: /actuator/metrics/ratelimit.requests[39m
AggregateError [ECONNREFUSED]: 
    at internalConnectMultiple (node:net:1339:18)
    at afterConnectMultiple (node:net:1942:7)
[2m1:22:59 pm[22m [31m[1m[vite][22m[39m [31mhttp proxy error: /api/poc/policies[39m
AggregateError [ECONNREFUSED]: 
    at internalConnectMultiple (node:net:1339:18)
    at afterConnectMultiple (node:net:1942:7)
[2m1:22:59 pm[22m [31m[1m[vite][22m[39m [31mhttp proxy error: /actuator/health[39m
AggregateError [ECONNREFUSED]: 
    at internalConnectMultiple (node:net:1339:18)
    at afterConnectMultiple (node:net:1942:7)
[2m1:22:59 pm[22m [31m[1m[vite][22m[39m [31mhttp proxy error: /actuator/metrics/ratelimit.requests[39m
AggregateError [ECONNREFUSED]: 
    at internalConnectMultiple (node:net:1339:18)
    at afterConnectMultiple (node:net:1942:7)
[2m1:22:59 pm[22m [31m[1m[vite][22m[39m [31mhttp proxy error: /api/poc/policies[39m
AggregateError [ECONNREFUSED]: 
    at internalConnectMultiple (node:net:1339:18)
    at afterConnectMultiple (node:net:1942:7)
[2m1:22:59 pm[22m [31m[1m[vite][22m[39m [31mhttp proxy error: /actuator/health[39m
AggregateError [ECONNREFUSED]: 
    at internalConnectMultiple (node:net:1339:18)
    at afterConnectMultiple (node:net:1942:7)
[2m1:22:59 pm[22m [31m[1m[vite][22m[39m [31mhttp proxy error: /actuator/metrics/ratelimit.requests[39m
AggregateError [ECONNREFUSED]: 
    at internalConnectMultiple (node:net:1339:18)
    at afterConnectMultiple (node:net:1942:7)
[2m1:22:59 pm[22m [31m[1m[vite][22m[39m [31mhttp proxy error: /api/poc/policies[39m
AggregateError [ECONNREFUSED]: 
    at internalConnectMultiple (node:net:1339:18)
    at afterConnectMultiple (node:net:1942:7)
[2m1:23:00 pm[22m [31m[1m[vite][22m[39m [31mhttp proxy error: /actuator/health[39m
AggregateError [ECONNREFUSED]: 
    at internalConnectMultiple (node:net:1339:18)
    at afterConnectMultiple (node:net:1942:7)
[2m1:23:00 pm[22m [31m[1m[vite][22m[39m [31mhttp proxy error: /actuator/metrics/ratelimit.requests[39m
AggregateError [ECONNREFUSED]: 
    at internalConnectMultiple (node:net:1339:18)
    at afterConnectMultiple (node:net:1942:7)
[2m1:23:00 pm[22m [31m[1m[vite][22m[39m [31mhttp proxy error: /api/poc/policies[39m
AggregateError [ECONNREFUSED]: 
    at internalConnectMultiple (node:net:1339:18)
    at afterConnectMultiple (node:net:1942:7)
[2m1:23:00 pm[22m [31m[1m[vite][22m[39m [31mhttp proxy error: /actuator/health[39m
AggregateError [ECONNREFUSED]: 
    at internalConnectMultiple (node:net:1339:18)
    at afterConnectMultiple (node:net:1942:7)
[2m1:23:00 pm[22m [31m[1m[vite][22m[39m [31mhttp proxy error: /actuator/metrics/ratelimit.requests[39m
AggregateError [ECONNREFUSED]: 
    at internalConnectMultiple (node:net:1339:18)
    at afterConnectMultiple (node:net:1942:7)
[2m1:23:00 pm[22m [31m[1m[vite][22m[39m [31mhttp proxy error: /api/poc/policies[39m
AggregateError [ECONNREFUSED]: 
    at internalConnectMultiple (node:net:1339:18)
    at afterConnectMultiple (node:net:1942:7)
[2m1:23:04 pm[22m [31m[1m[vite][22m[39m [31mhttp proxy error: /actuator/health[39m
AggregateError [ECONNREFUSED]: 
    at internalConnectMultiple (node:net:1339:18)
    at afterConnectMultiple (node:net:1942:7)
[2m1:23:04 pm[22m [31m[1m[vite][22m[39m [31mhttp proxy error: /actuator/metrics/ratelimit.requests[39m
AggregateError [ECONNREFUSED]: 
    at internalConnectMultiple (node:net:1339:18)
    at afterConnectMultiple (node:net:1942:7)
[2m1:23:04 pm[22m [31m[1m[vite][22m[39m [31mhttp proxy error: /api/poc/policies[39m
AggregateError [ECONNREFUSED]: 
    at internalConnectMultiple (node:net:1339:18)
    at afterConnectMultiple (node:net:1942:7)
[2m1:23:14 pm[22m [31m[1m[vite][22m[39m [31mhttp proxy error: /actuator/health[39m
AggregateError [ECONNREFUSED]: 
    at internalConnectMultiple (node:net:1339:18)
    at afterConnectMultiple (node:net:1942:7)
[2m1:23:14 pm[22m [31m[1m[vite][22m[39m [31mhttp proxy error: /actuator/metrics/ratelimit.requests[39m
AggregateError [ECONNREFUSED]: 
    at internalConnectMultiple (node:net:1339:18)
    at afterConnectMultiple (node:net:1942:7)
[2m1:23:14 pm[22m [31m[1m[vite][22m[39m [31mhttp proxy error: /api/poc/policies[39m
AggregateError [ECONNREFUSED]: 
    at internalConnectMultiple (node:net:1339:18)
    at afterConnectMultiple (node:net:1942:7)
[2m1:23:24 pm[22m [31m[1m[vite][22m[39m [31mhttp proxy error: /actuator/health[39m
AggregateError [ECONNREFUSED]: 
    at internalConnectMultiple (node:net:1339:18)
    at afterConnectMultiple (node:net:1942:7)
[2m1:23:24 pm[22m [31m[1m[vite][22m[39m [31mhttp proxy error: /actuator/metrics/ratelimit.requests[39m
AggregateError [ECONNREFUSED]: 
    at internalConnectMultiple (node:net:1339:18)
    at afterConnectMultiple (node:net:1942:7)
[2m1:23:24 pm[22m [31m[1m[vite][22m[39m [31mhttp proxy error: /api/poc/policies[39m
AggregateError [ECONNREFUSED]: 
    at internalConnectMultiple (node:net:1339:18)
    at afterConnectMultiple (node:net:1942:7)
[2m1:23:34 pm[22m [31m[1m[vite][22m[39m [31mhttp proxy error: /actuator/health[39m
AggregateError [ECONNREFUSED]: 
    at internalConnectMultiple (node:net:1339:18)
    at afterConnectMultiple (node:net:1942:7)
[2m1:23:34 pm[22m [31m[1m[vite][22m[39m [31mhttp proxy error: /actuator/metrics/ratelimit.requests[39m
AggregateError [ECONNREFUSED]: 
    at internalConnectMultiple (node:net:1339:18)
    at afterConnectMultiple (node:net:1942:7)
[2m1:23:34 pm[22m [31m[1m[vite][22m[39m [31mhttp proxy error: /api/poc/policies[39m
AggregateError [ECONNREFUSED]: 
    at internalConnectMultiple (node:net:1339:18)
    at afterConnectMultiple (node:net:1942:7)
[2m1:23:44 pm[22m [31m[1m[vite][22m[39m [31mhttp proxy error: /actuator/health[39m
AggregateError [ECONNREFUSED]: 
    at internalConnectMultiple (node:net:1339:18)
    at afterConnectMultiple (node:net:1942:7)
[2m1:23:44 pm[22m [31m[1m[vite][22m[39m [31mhttp proxy error: /actuator/metrics/ratelimit.requests[39m
AggregateError [ECONNREFUSED]: 
    at internalConnectMultiple (node:net:1339:18)
    at afterConnectMultiple (node:net:1942:7)
[2m1:23:44 pm[22m [31m[1m[vite][22m[39m [31mhttp proxy error: /api/poc/policies[39m
AggregateError [ECONNREFUSED]: 
    at internalConnectMultiple (node:net:1339:18)
    at afterConnectMultiple (node:net:1942:7)
[2m1:23:54 pm[22m [31m[1m[vite][22m[39m [31mhttp proxy error: /actuator/health[39m
AggregateError [ECONNREFUSED]: 
    at internalConnectMultiple (node:net:1339:18)
    at afterConnectMultiple (node:net:1942:7)
[2m1:23:54 pm[22m [31m[1m[vite][22m[39m [31mhttp proxy error: /actuator/metrics/ratelimit.requests[39m
AggregateError [ECONNREFUSED]: 
    at internalConnectMultiple (node:net:1339:18)
    at afterConnectMultiple (node:net:1942:7)
[2m1:23:54 pm[22m [31m[1m[vite][22m[39m [31mhttp proxy error: /api/poc/policies[39m
AggregateError [ECONNREFUSED]: 
    at internalConnectMultiple (node:net:1339:18)
    at afterConnectMultiple (node:net:1942:7)
[2m1:24:04 pm[22m [31m[1m[vite][22m[39m [31mhttp proxy error: /actuator/health[39m
AggregateError [ECONNREFUSED]: 
    at internalConnectMultiple (node:net:1339:18)
    at afterConnectMultiple (node:net:1942:7)
[2m1:24:04 pm[22m [31m[1m[vite][22m[39m [31mhttp proxy error: /actuator/metrics/ratelimit.requests[39m
AggregateError [ECONNREFUSED]: 
    at internalConnectMultiple (node:net:1339:18)
    at afterConnectMultiple (node:net:1942:7)
[2m1:24:04 pm[22m [31m[1m[vite][22m[39m [31mhttp proxy error: /api/poc/policies[39m
AggregateError [ECONNREFUSED]: 
    at internalConnectMultiple (node:net:1339:18)
    at afterConnectMultiple (node:net:1942:7)
[2m1:24:14 pm[22m [31m[1m[vite][22m[39m [31mhttp proxy error: /actuator/health[39m
AggregateError [ECONNREFUSED]: 
    at internalConnectMultiple (node:net:1339:18)
    at afterConnectMultiple (node:net:1942:7)
[2m1:24:14 pm[22m [31m[1m[vite][22m[39m [31mhttp proxy error: /actuator/metrics/ratelimit.requests[39m
AggregateError [ECONNREFUSED]: 
    at internalConnectMultiple (node:net:1339:18)
    at afterConnectMultiple (node:net:1942:7)
[2m1:24:14 pm[22m [31m[1m[vite][22m[39m [31mhttp proxy error: /api/poc/policies[39m
AggregateError [ECONNREFUSED]: 
    at internalConnectMultiple (node:net:1339:18)
    at afterConnectMultiple (node:net:1942:7)
[2m1:24:24 pm[22m [31m[1m[vite][22m[39m [31mhttp proxy error: /actuator/health[39m
AggregateError [ECONNREFUSED]: 
    at internalConnectMultiple (node:net:1339:18)
    at afterConnectMultiple (node:net:1942:7)
[2m1:24:24 pm[22m [31m[1m[vite][22m[39m [31mhttp proxy error: /actuator/metrics/ratelimit.requests[39m
AggregateError [ECONNREFUSED]: 
    at internalConnectMultiple (node:net:1339:18)
    at afterConnectMultiple (node:net:1942:7)
[2m1:24:24 pm[22m [31m[1m[vite][22m[39m [31mhttp proxy error: /api/poc/policies[39m
AggregateError [ECONNREFUSED]: 
    at internalConnectMultiple (node:net:1339:18)
    at afterConnectMultiple (node:net:1942:7)
[2m1:24:34 pm[22m [31m[1m[vite][22m[39m [31mhttp proxy error: /actuator/health[39m
AggregateError [ECONNREFUSED]: 
    at internalConnectMultiple (node:net:1339:18)
    at afterConnectMultiple (node:net:1942:7)
[2m1:24:34 pm[22m [31m[1m[vite][22m[39m [31mhttp proxy error: /actuator/metrics/ratelimit.requests[39m
AggregateError [ECONNREFUSED]: 
    at internalConnectMultiple (node:net:1339:18)
    at afterConnectMultiple (node:net:1942:7)
[2m1:24:34 pm[22m [31m[1m[vite][22m[39m [31mhttp proxy error: /api/poc/policies[39m
AggregateError [ECONNREFUSED]: 
    at internalConnectMultiple (node:net:1339:18)
    at afterConnectMultiple (node:net:1942:7)
[2m1:24:44 pm[22m [31m[1m[vite][22m[39m [31mhttp proxy error: /actuator/health[39m
AggregateError [ECONNREFUSED]: 
    at internalConnectMultiple (node:net:1339:18)
    at afterConnectMultiple (node:net:1942:7)
[2m1:24:44 pm[22m [31m[1m[vite][22m[39m [31mhttp proxy error: /actuator/metrics/ratelimit.requests[39m
AggregateError [ECONNREFUSED]: 
    at internalConnectMultiple (node:net:1339:18)
    at afterConnectMultiple (node:net:1942:7)
[2m1:24:44 pm[22m [31m[1m[vite][22m[39m [31mhttp proxy error: /api/poc/policies[39m
AggregateError [ECONNREFUSED]: 
    at internalConnectMultiple (node:net:1339:18)
    at afterConnectMultiple (node:net:1942:7)
[2m1:24:54 pm[22m [31m[1m[vite][22m[39m [31mhttp proxy error: /actuator/health[39m
AggregateError [ECONNREFUSED]: 
    at internalConnectMultiple (node:net:1339:18)
    at afterConnectMultiple (node:net:1942:7)
[2m1:24:54 pm[22m [31m[1m[vite][22m[39m [31mhttp proxy error: /actuator/metrics/ratelimit.requests[39m
AggregateError [ECONNREFUSED]: 
    at internalConnectMultiple (node:net:1339:18)
    at afterConnectMultiple (node:net:1942:7)
[2m1:24:54 pm[22m [31m[1m[vite][22m[39m [31mhttp proxy error: /api/poc/policies[39m
AggregateError [ECONNREFUSED]: 
    at internalConnectMultiple (node:net:1339:18)
    at afterConnectMultiple (node:net:1942:7)
[2m1:25:04 pm[22m [31m[1m[vite][22m[39m [31mhttp proxy error: /actuator/health[39m
AggregateError [ECONNREFUSED]: 
    at internalConnectMultiple (node:net:1339:18)
    at afterConnectMultiple (node:net:1942:7)
[2m1:25:04 pm[22m [31m[1m[vite][22m[39m [31mhttp proxy error: /actuator/metrics/ratelimit.requests[39m
AggregateError [ECONNREFUSED]: 
    at internalConnectMultiple (node:net:1339:18)
    at afterConnectMultiple (node:net:1942:7)
[2m1:25:04 pm[22m [31m[1m[vite][22m[39m [31mhttp proxy error: /api/poc/policies[39m
AggregateError [ECONNREFUSED]: 
    at internalConnectMultiple (node:net:1339:18)
    at afterConnectMultiple (node:net:1942:7)
[2m1:25:14 pm[22m [31m[1m[vite][22m[39m [31mhttp proxy error: /actuator/health[39m
AggregateError [ECONNREFUSED]: 
    at internalConnectMultiple (node:net:1339:18)
    at afterConnectMultiple (node:net:1942:7)
[2m1:25:14 pm[22m [31m[1m[vite][22m[39m [31mhttp proxy error: /actuator/metrics/ratelimit.requests[39m
AggregateError [ECONNREFUSED]: 
    at internalConnectMultiple (node:net:1339:18)
    at afterConnectMultiple (node:net:1942:7)
[2m1:25:14 pm[22m [31m[1m[vite][22m[39m [31mhttp proxy error: /api/poc/policies[39m
AggregateError [ECONNREFUSED]: 
    at internalConnectMultiple (node:net:1339:18)
    at afterConnectMultiple (node:net:1942:7)
[2m1:25:24 pm[22m [31m[1m[vite][22m[39m [31mhttp proxy error: /actuator/health[39m
AggregateError [ECONNREFUSED]: 
    at internalConnectMultiple (node:net:1339:18)
    at afterConnectMultiple (node:net:1942:7)
[2m1:25:24 pm[22m [31m[1m[vite][22m[39m [31mhttp proxy error: /actuator/metrics/ratelimit.requests[39m
AggregateError [ECONNREFUSED]: 
    at internalConnectMultiple (node:net:1339:18)
    at afterConnectMultiple (node:net:1942:7)
[2m1:25:24 pm[22m [31m[1m[vite][22m[39m [31mhttp proxy error: /api/poc/policies[39m
AggregateError [ECONNREFUSED]: 
    at internalConnectMultiple (node:net:1339:18)
    at afterConnectMultiple (node:net:1942:7)
[2m1:25:34 pm[22m [31m[1m[vite][22m[39m [31mhttp proxy error: /actuator/health[39m
AggregateError [ECONNREFUSED]: 
    at internalConnectMultiple (node:net:1339:18)
    at afterConnectMultiple (node:net:1942:7)
[2m1:25:34 pm[22m [31m[1m[vite][22m[39m [31mhttp proxy error: /actuator/metrics/ratelimit.requests[39m
AggregateError [ECONNREFUSED]: 
    at internalConnectMultiple (node:net:1339:18)
    at afterConnectMultiple (node:net:1942:7)
[2m1:25:34 pm[22m [31m[1m[vite][22m[39m [31mhttp proxy error: /api/poc/policies[39m
AggregateError [ECONNREFUSED]: 
    at internalConnectMultiple (node:net:1339:18)
    at afterConnectMultiple (node:net:1942:7)
[2m1:25:44 pm[22m [31m[1m[vite][22m[39m [31mhttp proxy error: /actuator/health[39m
AggregateError [ECONNREFUSED]: 
    at internalConnectMultiple (node:net:1339:18)
    at afterConnectMultiple (node:net:1942:7)
[2m1:25:44 pm[22m [31m[1m[vite][22m[39m [31mhttp proxy error: /actuator/metrics/ratelimit.requests[39m
AggregateError [ECONNREFUSED]: 
    at internalConnectMultiple (node:net:1339:18)
    at afterConnectMultiple (node:net:1942:7)
[2m1:25:44 pm[22m [31m[1m[vite][22m[39m [31mhttp proxy error: /api/poc/policies[39m
AggregateError [ECONNREFUSED]: 
    at internalConnectMultiple (node:net:1339:18)
    at afterConnectMultiple (node:net:1942:7)
[2m1:25:54 pm[22m [31m[1m[vite][22m[39m [31mhttp proxy error: /actuator/health[39m
AggregateError [ECONNREFUSED]: 
    at internalConnectMultiple (node:net:1339:18)
    at afterConnectMultiple (node:net:1942:7)
[2m1:25:54 pm[22m [31m[1m[vite][22m[39m [31mhttp proxy error: /actuator/metrics/ratelimit.requests[39m
AggregateError [ECONNREFUSED]: 
    at internalConnectMultiple (node:net:1339:18)
    at afterConnectMultiple (node:net:1942:7)
[2m1:25:54 pm[22m [31m[1m[vite][22m[39m [31mhttp proxy error: /api/poc/policies[39m
AggregateError [ECONNREFUSED]: 
    at internalConnectMultiple (node:net:1339:18)
    at afterConnectMultiple (node:net:1942:7)
[2m1:26:04 pm[22m [31m[1m[vite][22m[39m [31mhttp proxy error: /actuator/health[39m
AggregateError [ECONNREFUSED]: 
    at internalConnectMultiple (node:net:1339:18)
    at afterConnectMultiple (node:net:1942:7)
[2m1:26:04 pm[22m [31m[1m[vite][22m[39m [31mhttp proxy error: /actuator/metrics/ratelimit.requests[39m
AggregateError [ECONNREFUSED]: 
    at internalConnectMultiple (node:net:1339:18)
    at afterConnectMultiple (node:net:1942:7)
[2m1:26:04 pm[22m [31m[1m[vite][22m[39m [31mhttp proxy error: /api/poc/policies[39m
AggregateError [ECONNREFUSED]: 
    at internalConnectMultiple (node:net:1339:18)
    at afterConnectMultiple (node:net:1942:7)
[2m1:26:14 pm[22m [31m[1m[vite][22m[39m [31mhttp proxy error: /actuator/health[39m
AggregateError [ECONNREFUSED]: 
    at internalConnectMultiple (node:net:1339:18)
    at afterConnectMultiple (node:net:1942:7)
[2m1:26:14 pm[22m [31m[1m[vite][22m[39m [31mhttp proxy error: /actuator/metrics/ratelimit.requests[39m
AggregateError [ECONNREFUSED]: 
    at internalConnectMultiple (node:net:1339:18)
    at afterConnectMultiple (node:net:1942:7)
[2m1:26:14 pm[22m [31m[1m[vite][22m[39m [31mhttp proxy error: /api/poc/policies[39m
AggregateError [ECONNREFUSED]: 
    at internalConnectMultiple (node:net:1339:18)
    at afterConnectMultiple (node:net:1942:7)
[2m1:26:24 pm[22m [31m[1m[vite][22m[39m [31mhttp proxy error: /actuator/health[39m
AggregateError [ECONNREFUSED]: 
    at internalConnectMultiple (node:net:1339:18)
    at afterConnectMultiple (node:net:1942:7)
[2m1:26:24 pm[22m [31m[1m[vite][22m[39m [31mhttp proxy error: /actuator/metrics/ratelimit.requests[39m
AggregateError [ECONNREFUSED]: 
    at internalConnectMultiple (node:net:1339:18)
    at afterConnectMultiple (node:net:1942:7)
[2m1:26:24 pm[22m [31m[1m[vite][22m[39m [31mhttp proxy error: /api/poc/policies[39m
AggregateError [ECONNREFUSED]: 
    at internalConnectMultiple (node:net:1339:18)
    at afterConnectMultiple (node:net:1942:7)
[2m1:26:34 pm[22m [31m[1m[vite][22m[39m [31mhttp proxy error: /actuator/health[39m
AggregateError [ECONNREFUSED]: 
    at internalConnectMultiple (node:net:1339:18)
    at afterConnectMultiple (node:net:1942:7)
[2m1:26:34 pm[22m [31m[1m[vite][22m[39m [31mhttp proxy error: /actuator/metrics/ratelimit.requests[39m
AggregateError [ECONNREFUSED]: 
    at internalConnectMultiple (node:net:1339:18)
    at afterConnectMultiple (node:net:1942:7)
[2m1:26:34 pm[22m [31m[1m[vite][22m[39m [31mhttp proxy error: /api/poc/policies[39m
AggregateError [ECONNREFUSED]: 
    at internalConnectMultiple (node:net:1339:18)
    at afterConnectMultiple (node:net:1942:7)
[2m1:26:44 pm[22m [31m[1m[vite][22m[39m [31mhttp proxy error: /actuator/health[39m
AggregateError [ECONNREFUSED]: 
    at internalConnectMultiple (node:net:1339:18)
    at afterConnectMultiple (node:net:1942:7)
[2m1:26:44 pm[22m [31m[1m[vite][22m[39m [31mhttp proxy error: /actuator/metrics/ratelimit.requests[39m
AggregateError [ECONNREFUSED]: 
    at internalConnectMultiple (node:net:1339:18)
    at afterConnectMultiple (node:net:1942:7)
[2m1:26:44 pm[22m [31m[1m[vite][22m[39m [31mhttp proxy error: /api/poc/policies[39m
AggregateError [ECONNREFUSED]: 
    at internalConnectMultiple (node:net:1339:18)
    at afterConnectMultiple (node:net:1942:7)
[2m1:26:54 pm[22m [31m[1m[vite][22m[39m [31mhttp proxy error: /actuator/health[39m
AggregateError [ECONNREFUSED]: 
    at internalConnectMultiple (node:net:1339:18)
    at afterConnectMultiple (node:net:1942:7)
[2m1:26:54 pm[22m [31m[1m[vite][22m[39m [31mhttp proxy error: /actuator/metrics/ratelimit.requests[39m
AggregateError [ECONNREFUSED]: 
    at internalConnectMultiple (node:net:1339:18)
    at afterConnectMultiple (node:net:1942:7)
[2m1:26:54 pm[22m [31m[1m[vite][22m[39m [31mhttp proxy error: /api/poc/policies[39m
AggregateError [ECONNREFUSED]: 
    at internalConnectMultiple (node:net:1339:18)
    at afterConnectMultiple (node:net:1942:7)
[2m1:27:04 pm[22m [31m[1m[vite][22m[39m [31mhttp proxy error: /actuator/health[39m
AggregateError [ECONNREFUSED]: 
    at internalConnectMultiple (node:net:1339:18)
    at afterConnectMultiple (node:net:1942:7)
[2m1:27:04 pm[22m [31m[1m[vite][22m[39m [31mhttp proxy error: /actuator/metrics/ratelimit.requests[39m
AggregateError [ECONNREFUSED]: 
    at internalConnectMultiple (node:net:1339:18)
    at afterConnectMultiple (node:net:1942:7)
[2m1:27:04 pm[22m [31m[1m[vite][22m[39m [31mhttp proxy error: /api/poc/policies[39m
AggregateError [ECONNREFUSED]: 
    at internalConnectMultiple (node:net:1339:18)
    at afterConnectMultiple (node:net:1942:7)
[2m1:27:14 pm[22m [31m[1m[vite][22m[39m [31mhttp proxy error: /actuator/health[39m
AggregateError [ECONNREFUSED]: 
    at internalConnectMultiple (node:net:1339:18)
    at afterConnectMultiple (node:net:1942:7)
[2m1:27:14 pm[22m [31m[1m[vite][22m[39m [31mhttp proxy error: /actuator/metrics/ratelimit.requests[39m
AggregateError [ECONNREFUSED]: 
    at internalConnectMultiple (node:net:1339:18)
    at afterConnectMultiple (node:net:1942:7)
[2m1:27:14 pm[22m [31m[1m[vite][22m[39m [31mhttp proxy error: /api/poc/policies[39m
AggregateError [ECONNREFUSED]: 
    at internalConnectMultiple (node:net:1339:18)
    at afterConnectMultiple (node:net:1942:7)
[2m1:27:24 pm[22m [31m[1m[vite][22m[39m [31mhttp proxy error: /actuator/health[39m
AggregateError [ECONNREFUSED]: 
    at internalConnectMultiple (node:net:1339:18)
    at afterConnectMultiple (node:net:1942:7)
[2m1:27:24 pm[22m [31m[1m[vite][22m[39m [31mhttp proxy error: /actuator/metrics/ratelimit.requests[39m
AggregateError [ECONNREFUSED]: 
    at internalConnectMultiple (node:net:1339:18)
    at afterConnectMultiple (node:net:1942:7)
[2m1:27:24 pm[22m [31m[1m[vite][22m[39m [31mhttp proxy error: /api/poc/policies[39m
AggregateError [ECONNREFUSED]: 
    at internalConnectMultiple (node:net:1339:18)
    at afterConnectMultiple (node:net:1942:7)
[2m1:27:34 pm[22m [31m[1m[vite][22m[39m [31mhttp proxy error: /actuator/health[39m
AggregateError [ECONNREFUSED]: 
    at internalConnectMultiple (node:net:1339:18)
    at afterConnectMultiple (node:net:1942:7)
[2m1:27:34 pm[22m [31m[1m[vite][22m[39m [31mhttp proxy error: /actuator/metrics/ratelimit.requests[39m
AggregateError [ECONNREFUSED]: 
    at internalConnectMultiple (node:net:1339:18)
    at afterConnectMultiple (node:net:1942:7)
[2m1:27:34 pm[22m [31m[1m[vite][22m[39m [31mhttp proxy error: /api/poc/policies[39m
AggregateError [ECONNREFUSED]: 
    at internalConnectMultiple (node:net:1339:18)
    at afterConnectMultiple (node:net:1942:7)
[2m1:27:44 pm[22m [31m[1m[vite][22m[39m [31mhttp proxy error: /actuator/health[39m
AggregateError [ECONNREFUSED]: 
    at internalConnectMultiple (node:net:1339:18)
    at afterConnectMultiple (node:net:1942:7)
[2m1:27:44 pm[22m [31m[1m[vite][22m[39m [31mhttp proxy error: /actuator/metrics/ratelimit.requests[39m
AggregateError [ECONNREFUSED]: 
    at internalConnectMultiple (node:net:1339:18)
    at afterConnectMultiple (node:net:1942:7)
[2m1:27:44 pm[22m [31m[1m[vite][22m[39m [31mhttp proxy error: /api/poc/policies[39m
AggregateError [ECONNREFUSED]: 
    at internalConnectMultiple (node:net:1339:18)
    at afterConnectMultiple (node:net:1942:7)
[2m1:27:54 pm[22m [31m[1m[vite][22m[39m [31mhttp proxy error: /actuator/health[39m
AggregateError [ECONNREFUSED]: 
    at internalConnectMultiple (node:net:1339:18)
    at afterConnectMultiple (node:net:1942:7)
[2m1:27:54 pm[22m [31m[1m[vite][22m[39m [31mhttp proxy error: /actuator/metrics/ratelimit.requests[39m
AggregateError [ECONNREFUSED]: 
    at internalConnectMultiple (node:net:1339:18)
    at afterConnectMultiple (node:net:1942:7)
[2m1:27:54 pm[22m [31m[1m[vite][22m[39m [31mhttp proxy error: /api/poc/policies[39m
AggregateError [ECONNREFUSED]: 
    at internalConnectMultiple (node:net:1339:18)
    at afterConnectMultiple (node:net:1942:7)
[2m1:28:04 pm[22m [31m[1m[vite][22m[39m [31mhttp proxy error: /actuator/health[39m
AggregateError [ECONNREFUSED]: 
    at internalConnectMultiple (node:net:1339:18)
    at afterConnectMultiple (node:net:1942:7)
[2m1:28:04 pm[22m [31m[1m[vite][22m[39m [31mhttp proxy error: /actuator/metrics/ratelimit.requests[39m
AggregateError [ECONNREFUSED]: 
    at internalConnectMultiple (node:net:1339:18)
    at afterConnectMultiple (node:net:1942:7)
[2m1:28:04 pm[22m [31m[1m[vite][22m[39m [31mhttp proxy error: /api/poc/policies[39m
AggregateError [ECONNREFUSED]: 
    at internalConnectMultiple (node:net:1339:18)
    at afterConnectMultiple (node:net:1942:7)
[2m1:28:14 pm[22m [31m[1m[vite][22m[39m [31mhttp proxy error: /actuator/health[39m
AggregateError [ECONNREFUSED]: 
    at internalConnectMultiple (node:net:1339:18)
    at afterConnectMultiple (node:net:1942:7)
[2m1:28:14 pm[22m [31m[1m[vite][22m[39m [31mhttp proxy error: /actuator/metrics/ratelimit.requests[39m
AggregateError [ECONNREFUSED]: 
    at internalConnectMultiple (node:net:1339:18)
    at afterConnectMultiple (node:net:1942:7)
[2m1:28:14 pm[22m [31m[1m[vite][22m[39m [31mhttp proxy error: /api/poc/policies[39m
AggregateError [ECONNREFUSED]: 
    at internalConnectMultiple (node:net:1339:18)
    at afterConnectMultiple (node:net:1942:7)
[2m1:28:24 pm[22m [31m[1m[vite][22m[39m [31mhttp proxy error: /actuator/health[39m
AggregateError [ECONNREFUSED]: 
    at internalConnectMultiple (node:net:1339:18)
    at afterConnectMultiple (node:net:1942:7)
[2m1:28:24 pm[22m [31m[1m[vite][22m[39m [31mhttp proxy error: /actuator/metrics/ratelimit.requests[39m
AggregateError [ECONNREFUSED]: 
    at internalConnectMultiple (node:net:1339:18)
    at afterConnectMultiple (node:net:1942:7)
[2m1:28:24 pm[22m [31m[1m[vite][22m[39m [31mhttp proxy error: /api/poc/policies[39m
AggregateError [ECONNREFUSED]: 
    at internalConnectMultiple (node:net:1339:18)
    at afterConnectMultiple (node:net:1942:7)
[2m1:28:34 pm[22m [31m[1m[vite][22m[39m [31mhttp proxy error: /actuator/health[39m
AggregateError [ECONNREFUSED]: 
    at internalConnectMultiple (node:net:1339:18)
    at afterConnectMultiple (node:net:1942:7)
[2m1:28:34 pm[22m [31m[1m[vite][22m[39m [31mhttp proxy error: /actuator/metrics/ratelimit.requests[39m
AggregateError [ECONNREFUSED]: 
    at internalConnectMultiple (node:net:1339:18)
    at afterConnectMultiple (node:net:1942:7)
[2m1:28:34 pm[22m [31m[1m[vite][22m[39m [31mhttp proxy error: /api/poc/policies[39m
AggregateError [ECONNREFUSED]: 
    at internalConnectMultiple (node:net:1339:18)
    at afterConnectMultiple (node:net:1942:7)
[2m1:28:44 pm[22m [31m[1m[vite][22m[39m [31mhttp proxy error: /actuator/health[39m
AggregateError [ECONNREFUSED]: 
    at internalConnectMultiple (node:net:1339:18)
    at afterConnectMultiple (node:net:1942:7)
[2m1:28:44 pm[22m [31m[1m[vite][22m[39m [31mhttp proxy error: /actuator/metrics/ratelimit.requests[39m
AggregateError [ECONNREFUSED]: 
    at internalConnectMultiple (node:net:1339:18)
    at afterConnectMultiple (node:net:1942:7)
[2m1:28:44 pm[22m [31m[1m[vite][22m[39m [31mhttp proxy error: /api/poc/policies[39m
AggregateError [ECONNREFUSED]: 
    at internalConnectMultiple (node:net:1339:18)
    at afterConnectMultiple (node:net:1942:7)
[31mX [41;31m[[41;97mERROR[41;31m][0m [1mTS2322: Type 'string' is not assignable to type '"GET" | "POST"'.[0m [1m[35m[plugin angular-compiler][0m

    C:/Users/Vinaykumar.R/Desktop/Redis API Rate Limiting and DDoS Protection POC/frontend/src/app/features/admin/policies-page.component.ts:130:6:
[37m      130 │       [32mmethod[37m,
          ╵       [32m~~~~~~[0m

  The expected type comes from property 'method' which is declared here on type 'DemoRoute'

    C:/Users/Vinaykumar.R/Desktop/Redis API Rate Limiting and DDoS Protection POC/frontend/src/app/core/demo-catalog.ts:6:2:
[37m      6 │   [32mmethod[37m: 'GET' | 'POST';
        ╵   [32m~~~~~~[0m


[2m1:28:54 pm[22m [31m[1m[vite][22m[39m [31mhttp proxy error: /actuator/health[39m
AggregateError [ECONNREFUSED]: 
    at internalConnectMultiple (node:net:1339:18)
    at afterConnectMultiple (node:net:1942:7)
[2m1:28:54 pm[22m [31m[1m[vite][22m[39m [31mhttp proxy error: /actuator/metrics/ratelimit.requests[39m
AggregateError [ECONNREFUSED]: 
    at internalConnectMultiple (node:net:1339:18)
    at afterConnectMultiple (node:net:1942:7)
[2m1:28:54 pm[22m [31m[1m[vite][22m[39m [31mhttp proxy error: /api/poc/policies[39m
AggregateError [ECONNREFUSED]: 
    at internalConnectMultiple (node:net:1339:18)
    at afterConnectMultiple (node:net:1942:7)
[2m1:29:04 pm[22m [31m[1m[vite][22m[39m [31mhttp proxy error: /actuator/health[39m
AggregateError [ECONNREFUSED]: 
    at internalConnectMultiple (node:net:1339:18)
    at afterConnectMultiple (node:net:1942:7)
[2m1:29:04 pm[22m [31m[1m[vite][22m[39m [31mhttp proxy error: /actuator/metrics/ratelimit.requests[39m
AggregateError [ECONNREFUSED]: 
    at internalConnectMultiple (node:net:1339:18)
    at afterConnectMultiple (node:net:1942:7)
[2m1:29:04 pm[22m [31m[1m[vite][22m[39m [31mhttp proxy error: /api/poc/policies[39m
AggregateError [ECONNREFUSED]: 
    at internalConnectMultiple (node:net:1339:18)
    at afterConnectMultiple (node:net:1942:7)
[2m1:29:14 pm[22m [31m[1m[vite][22m[39m [31mhttp proxy error: /actuator/health[39m
AggregateError [ECONNREFUSED]: 
    at internalConnectMultiple (node:net:1339:18)
    at afterConnectMultiple (node:net:1942:7)
[2m1:29:14 pm[22m [31m[1m[vite][22m[39m [31mhttp proxy error: /actuator/metrics/ratelimit.requests[39m
AggregateError [ECONNREFUSED]: 
    at internalConnectMultiple (node:net:1339:18)
    at afterConnectMultiple (node:net:1942:7)
[2m1:29:14 pm[22m [31m[1m[vite][22m[39m [31mhttp proxy error: /api/poc/policies[39m
AggregateError [ECONNREFUSED]: 
    at internalConnectMultiple (node:net:1339:18)
    at afterConnectMultiple (node:net:1942:7)
[2m1:29:24 pm[22m [31m[1m[vite][22m[39m [31mhttp proxy error: /actuator/health[39m
AggregateError [ECONNREFUSED]: 
    at internalConnectMultiple (node:net:1339:18)
    at afterConnectMultiple (node:net:1942:7)
[2m1:29:24 pm[22m [31m[1m[vite][22m[39m [31mhttp proxy error: /actuator/metrics/ratelimit.requests[39m
AggregateError [ECONNREFUSED]: 
    at internalConnectMultiple (node:net:1339:18)
    at afterConnectMultiple (node:net:1942:7)
[2m1:29:24 pm[22m [31m[1m[vite][22m[39m [31mhttp proxy error: /api/poc/policies[39m
AggregateError [ECONNREFUSED]: 
    at internalConnectMultiple (node:net:1339:18)
    at afterConnectMultiple (node:net:1942:7)
[2m1:29:34 pm[22m [31m[1m[vite][22m[39m [31mhttp proxy error: /actuator/health[39m
AggregateError [ECONNREFUSED]: 
    at internalConnectMultiple (node:net:1339:18)
    at afterConnectMultiple (node:net:1942:7)
[2m1:29:34 pm[22m [31m[1m[vite][22m[39m [31mhttp proxy error: /actuator/metrics/ratelimit.requests[39m
AggregateError [ECONNREFUSED]: 
    at internalConnectMultiple (node:net:1339:18)
    at afterConnectMultiple (node:net:1942:7)
[2m1:29:34 pm[22m [31m[1m[vite][22m[39m [31mhttp proxy error: /api/poc/policies[39m
AggregateError [ECONNREFUSED]: 
    at internalConnectMultiple (node:net:1339:18)
    at afterConnectMultiple (node:net:1942:7)
[2m1:29:44 pm[22m [31m[1m[vite][22m[39m [31mhttp proxy error: /actuator/health[39m
AggregateError [ECONNREFUSED]: 
    at internalConnectMultiple (node:net:1339:18)
    at afterConnectMultiple (node:net:1942:7)
[2m1:29:44 pm[22m [31m[1m[vite][22m[39m [31mhttp proxy error: /actuator/metrics/ratelimit.requests[39m
AggregateError [ECONNREFUSED]: 
    at internalConnectMultiple (node:net:1339:18)
    at afterConnectMultiple (node:net:1942:7)
[2m1:29:44 pm[22m [31m[1m[vite][22m[39m [31mhttp proxy error: /api/poc/policies[39m
AggregateError [ECONNREFUSED]: 
    at internalConnectMultiple (node:net:1339:18)
    at afterConnectMultiple (node:net:1942:7)
[2m1:29:54 pm[22m [31m[1m[vite][22m[39m [31mhttp proxy error: /actuator/health[39m
AggregateError [ECONNREFUSED]: 
    at internalConnectMultiple (node:net:1339:18)
    at afterConnectMultiple (node:net:1942:7)
[2m1:29:54 pm[22m [31m[1m[vite][22m[39m [31mhttp proxy error: /actuator/metrics/ratelimit.requests[39m
AggregateError [ECONNREFUSED]: 
    at internalConnectMultiple (node:net:1339:18)
    at afterConnectMultiple (node:net:1942:7)
[2m1:29:54 pm[22m [31m[1m[vite][22m[39m [31mhttp proxy error: /api/poc/policies[39m
AggregateError [ECONNREFUSED]: 
    at internalConnectMultiple (node:net:1339:18)
    at afterConnectMultiple (node:net:1942:7)
[2m1:30:04 pm[22m [31m[1m[vite][22m[39m [31mhttp proxy error: /actuator/health[39m
AggregateError [ECONNREFUSED]: 
    at internalConnectMultiple (node:net:1339:18)
    at afterConnectMultiple (node:net:1942:7)
[2m1:30:04 pm[22m [31m[1m[vite][22m[39m [31mhttp proxy error: /actuator/metrics/ratelimit.requests[39m
AggregateError [ECONNREFUSED]: 
    at internalConnectMultiple (node:net:1339:18)
    at afterConnectMultiple (node:net:1942:7)
[2m1:30:04 pm[22m [31m[1m[vite][22m[39m [31mhttp proxy error: /api/poc/policies[39m
AggregateError [ECONNREFUSED]: 
    at internalConnectMultiple (node:net:1339:18)
    at afterConnectMultiple (node:net:1942:7)
[2m1:30:44 pm[22m [31m[1m[vite][22m[39m [31mhttp proxy error: /actuator/health[39m
AggregateError [ECONNREFUSED]: 
    at internalConnectMultiple (node:net:1339:18)
    at afterConnectMultiple (node:net:1942:7)
[2m1:30:44 pm[22m [31m[1m[vite][22m[39m [31mhttp proxy error: /actuator/metrics/ratelimit.requests[39m
AggregateError [ECONNREFUSED]: 
    at internalConnectMultiple (node:net:1339:18)
    at afterConnectMultiple (node:net:1942:7)
[2m1:30:44 pm[22m [31m[1m[vite][22m[39m [31mhttp proxy error: /api/poc/policies[39m
AggregateError [ECONNREFUSED]: 
    at internalConnectMultiple (node:net:1339:18)
    at afterConnectMultiple (node:net:1942:7)
[2m1:30:54 pm[22m [31m[1m[vite][22m[39m [31mhttp proxy error: /actuator/health[39m
AggregateError [ECONNREFUSED]: 
    at internalConnectMultiple (node:net:1339:18)
    at afterConnectMultiple (node:net:1942:7)
[2m1:30:54 pm[22m [31m[1m[vite][22m[39m [31mhttp proxy error: /actuator/metrics/ratelimit.requests[39m
AggregateError [ECONNREFUSED]: 
    at internalConnectMultiple (node:net:1339:18)
    at afterConnectMultiple (node:net:1942:7)
[2m1:30:54 pm[22m [31m[1m[vite][22m[39m [31mhttp proxy error: /api/poc/policies[39m
AggregateError [ECONNREFUSED]: 
    at internalConnectMultiple (node:net:1339:18)
    at afterConnectMultiple (node:net:1942:7)
[2m1:31:04 pm[22m [31m[1m[vite][22m[39m [31mhttp proxy error: /actuator/health[39m
AggregateError [ECONNREFUSED]: 
    at internalConnectMultiple (node:net:1339:18)
    at afterConnectMultiple (node:net:1942:7)
[2m1:31:04 pm[22m [31m[1m[vite][22m[39m [31mhttp proxy error: /actuator/metrics/ratelimit.requests[39m
AggregateError [ECONNREFUSED]: 
    at internalConnectMultiple (node:net:1339:18)
    at afterConnectMultiple (node:net:1942:7)
[2m1:31:04 pm[22m [31m[1m[vite][22m[39m [31mhttp proxy error: /api/poc/policies[39m
AggregateError [ECONNREFUSED]: 
    at internalConnectMultiple (node:net:1339:18)
    at afterConnectMultiple (node:net:1942:7)
[2m1:31:14 pm[22m [31m[1m[vite][22m[39m [31mhttp proxy error: /actuator/health[39m
AggregateError [ECONNREFUSED]: 
    at internalConnectMultiple (node:net:1339:18)
    at afterConnectMultiple (node:net:1942:7)
[2m1:31:14 pm[22m [31m[1m[vite][22m[39m [31mhttp proxy error: /actuator/metrics/ratelimit.requests[39m
AggregateError [ECONNREFUSED]: 
    at internalConnectMultiple (node:net:1339:18)
    at afterConnectMultiple (node:net:1942:7)
[2m1:31:14 pm[22m [31m[1m[vite][22m[39m [31mhttp proxy error: /api/poc/policies[39m
AggregateError [ECONNREFUSED]: 
    at internalConnectMultiple (node:net:1339:18)
    at afterConnectMultiple (node:net:1942:7)
[2m1:31:24 pm[22m [31m[1m[vite][22m[39m [31mhttp proxy error: /actuator/health[39m
AggregateError [ECONNREFUSED]: 
    at internalConnectMultiple (node:net:1339:18)
    at afterConnectMultiple (node:net:1942:7)
[2m1:31:24 pm[22m [31m[1m[vite][22m[39m [31mhttp proxy error: /actuator/metrics/ratelimit.requests[39m
AggregateError [ECONNREFUSED]: 
    at internalConnectMultiple (node:net:1339:18)
    at afterConnectMultiple (node:net:1942:7)
[2m1:31:24 pm[22m [31m[1m[vite][22m[39m [31mhttp proxy error: /api/poc/policies[39m
AggregateError [ECONNREFUSED]: 
    at internalConnectMultiple (node:net:1339:18)
    at afterConnectMultiple (node:net:1942:7)
[2m1:31:34 pm[22m [31m[1m[vite][22m[39m [31mhttp proxy error: /actuator/health[39m
AggregateError [ECONNREFUSED]: 
    at internalConnectMultiple (node:net:1339:18)
    at afterConnectMultiple (node:net:1942:7)
[2m1:31:34 pm[22m [31m[1m[vite][22m[39m [31mhttp proxy error: /actuator/metrics/ratelimit.requests[39m
AggregateError [ECONNREFUSED]: 
    at internalConnectMultiple (node:net:1339:18)
    at afterConnectMultiple (node:net:1942:7)
[2m1:31:34 pm[22m [31m[1m[vite][22m[39m [31mhttp proxy error: /api/poc/policies[39m
AggregateError [ECONNREFUSED]: 
    at internalConnectMultiple (node:net:1339:18)
    at afterConnectMultiple (node:net:1942:7)
[2m1:31:44 pm[22m [31m[1m[vite][22m[39m [31mhttp proxy error: /actuator/health[39m
AggregateError [ECONNREFUSED]: 
    at internalConnectMultiple (node:net:1339:18)
    at afterConnectMultiple (node:net:1942:7)
[2m1:31:44 pm[22m [31m[1m[vite][22m[39m [31mhttp proxy error: /actuator/metrics/ratelimit.requests[39m
AggregateError [ECONNREFUSED]: 
    at internalConnectMultiple (node:net:1339:18)
    at afterConnectMultiple (node:net:1942:7)
[2m1:31:44 pm[22m [31m[1m[vite][22m[39m [31mhttp proxy error: /api/poc/policies[39m
AggregateError [ECONNREFUSED]: 
    at internalConnectMultiple (node:net:1339:18)
    at afterConnectMultiple (node:net:1942:7)
[2m1:31:54 pm[22m [31m[1m[vite][22m[39m [31mhttp proxy error: /actuator/health[39m
AggregateError [ECONNREFUSED]: 
    at internalConnectMultiple (node:net:1339:18)
    at afterConnectMultiple (node:net:1942:7)
[2m1:31:54 pm[22m [31m[1m[vite][22m[39m [31mhttp proxy error: /actuator/metrics/ratelimit.requests[39m
AggregateError [ECONNREFUSED]: 
    at internalConnectMultiple (node:net:1339:18)
    at afterConnectMultiple (node:net:1942:7)
[2m1:31:54 pm[22m [31m[1m[vite][22m[39m [31mhttp proxy error: /api/poc/policies[39m
AggregateError [ECONNREFUSED]: 
    at internalConnectMultiple (node:net:1339:18)
    at afterConnectMultiple (node:net:1942:7)
[2m1:32:04 pm[22m [31m[1m[vite][22m[39m [31mhttp proxy error: /actuator/health[39m
AggregateError [ECONNREFUSED]: 
    at internalConnectMultiple (node:net:1339:18)
    at afterConnectMultiple (node:net:1942:7)
[2m1:32:04 pm[22m [31m[1m[vite][22m[39m [31mhttp proxy error: /actuator/metrics/ratelimit.requests[39m
AggregateError [ECONNREFUSED]: 
    at internalConnectMultiple (node:net:1339:18)
    at afterConnectMultiple (node:net:1942:7)
[2m1:32:04 pm[22m [31m[1m[vite][22m[39m [31mhttp proxy error: /api/poc/policies[39m
AggregateError [ECONNREFUSED]: 
    at internalConnectMultiple (node:net:1339:18)
    at afterConnectMultiple (node:net:1942:7)
[2m1:32:14 pm[22m [31m[1m[vite][22m[39m [31mhttp proxy error: /actuator/health[39m
AggregateError [ECONNREFUSED]: 
    at internalConnectMultiple (node:net:1339:18)
    at afterConnectMultiple (node:net:1942:7)
[2m1:32:14 pm[22m [31m[1m[vite][22m[39m [31mhttp proxy error: /actuator/metrics/ratelimit.requests[39m
AggregateError [ECONNREFUSED]: 
    at internalConnectMultiple (node:net:1339:18)
    at afterConnectMultiple (node:net:1942:7)
[2m1:32:14 pm[22m [31m[1m[vite][22m[39m [31mhttp proxy error: /api/poc/policies[39m
AggregateError [ECONNREFUSED]: 
    at internalConnectMultiple (node:net:1339:18)
    at afterConnectMultiple (node:net:1942:7)
[2m1:32:24 pm[22m [31m[1m[vite][22m[39m [31mhttp proxy error: /actuator/health[39m
AggregateError [ECONNREFUSED]: 
    at internalConnectMultiple (node:net:1339:18)
    at afterConnectMultiple (node:net:1942:7)
[2m1:32:24 pm[22m [31m[1m[vite][22m[39m [31mhttp proxy error: /actuator/metrics/ratelimit.requests[39m
AggregateError [ECONNREFUSED]: 
    at internalConnectMultiple (node:net:1339:18)
    at afterConnectMultiple (node:net:1942:7)
[2m1:32:24 pm[22m [31m[1m[vite][22m[39m [31mhttp proxy error: /api/poc/policies[39m
AggregateError [ECONNREFUSED]: 
    at internalConnectMultiple (node:net:1339:18)
    at afterConnectMultiple (node:net:1942:7)
[2m1:32:34 pm[22m [31m[1m[vite][22m[39m [31mhttp proxy error: /actuator/health[39m
AggregateError [ECONNREFUSED]: 
    at internalConnectMultiple (node:net:1339:18)
    at afterConnectMultiple (node:net:1942:7)
[2m1:32:34 pm[22m [31m[1m[vite][22m[39m [31mhttp proxy error: /actuator/metrics/ratelimit.requests[39m
AggregateError [ECONNREFUSED]: 
    at internalConnectMultiple (node:net:1339:18)
    at afterConnectMultiple (node:net:1942:7)
[2m1:32:34 pm[22m [31m[1m[vite][22m[39m [31mhttp proxy error: /api/poc/policies[39m
AggregateError [ECONNREFUSED]: 
    at internalConnectMultiple (node:net:1339:18)
    at afterConnectMultiple (node:net:1942:7)
[31mX [41;31m[[41;97mERROR[41;31m][0m [1mTS2322: Type 'string' is not assignable to type '"GET" | "POST"'.[0m [1m[35m[plugin angular-compiler][0m

    C:/Users/Vinaykumar.R/Desktop/Redis API Rate Limiting and DDoS Protection POC/frontend/src/app/features/admin/policies-page.component.ts:130:6:
[37m      130 │       [32mmethod[37m,
          ╵       [32m~~~~~~[0m

  The expected type comes from property 'method' which is declared here on type 'DemoRoute'

    C:/Users/Vinaykumar.R/Desktop/Redis API Rate Limiting and DDoS Protection POC/frontend/src/app/core/demo-catalog.ts:6:2:
[37m      6 │   [32mmethod[37m: 'GET' | 'POST';
        ╵   [32m~~~~~~[0m


[2m1:32:44 pm[22m [31m[1m[vite][22m[39m [31mhttp proxy error: /actuator/health[39m
AggregateError [ECONNREFUSED]: 
    at internalConnectMultiple (node:net:1339:18)
    at afterConnectMultiple (node:net:1942:7)
[2m1:32:44 pm[22m [31m[1m[vite][22m[39m [31mhttp proxy error: /actuator/metrics/ratelimit.requests[39m
AggregateError [ECONNREFUSED]: 
    at internalConnectMultiple (node:net:1339:18)
    at afterConnectMultiple (node:net:1942:7)
[2m1:32:44 pm[22m [31m[1m[vite][22m[39m [31mhttp proxy error: /api/poc/policies[39m
AggregateError [ECONNREFUSED]: 
    at internalConnectMultiple (node:net:1339:18)
    at afterConnectMultiple (node:net:1942:7)
[2m1:32:54 pm[22m [31m[1m[vite][22m[39m [31mhttp proxy error: /actuator/health[39m
AggregateError [ECONNREFUSED]: 
    at internalConnectMultiple (node:net:1339:18)
    at afterConnectMultiple (node:net:1942:7)
[2m1:32:54 pm[22m [31m[1m[vite][22m[39m [31mhttp proxy error: /actuator/metrics/ratelimit.requests[39m
AggregateError [ECONNREFUSED]: 
    at internalConnectMultiple (node:net:1339:18)
    at afterConnectMultiple (node:net:1942:7)
[2m1:32:54 pm[22m [31m[1m[vite][22m[39m [31mhttp proxy error: /api/poc/policies[39m
AggregateError [ECONNREFUSED]: 
    at internalConnectMultiple (node:net:1339:18)
    at afterConnectMultiple (node:net:1942:7)
[2m1:33:04 pm[22m [31m[1m[vite][22m[39m [31mhttp proxy error: /actuator/health[39m
AggregateError [ECONNREFUSED]: 
    at internalConnectMultiple (node:net:1339:18)
    at afterConnectMultiple (node:net:1942:7)
[2m1:33:04 pm[22m [31m[1m[vite][22m[39m [31mhttp proxy error: /actuator/metrics/ratelimit.requests[39m
AggregateError [ECONNREFUSED]: 
    at internalConnectMultiple (node:net:1339:18)
    at afterConnectMultiple (node:net:1942:7)
[2m1:33:04 pm[22m [31m[1m[vite][22m[39m [31mhttp proxy error: /api/poc/policies[39m
AggregateError [ECONNREFUSED]: 
    at internalConnectMultiple (node:net:1339:18)
    at afterConnectMultiple (node:net:1942:7)
[2m1:33:13 pm[22m [31m[1m[vite][22m[39m [31mhttp proxy error: /actuator/health[39m
AggregateError [ECONNREFUSED]: 
    at internalConnectMultiple (node:net:1339:18)
    at afterConnectMultiple (node:net:1942:7)
[2m1:33:13 pm[22m [31m[1m[vite][22m[39m [31mhttp proxy error: /actuator/metrics/ratelimit.requests[39m
AggregateError [ECONNREFUSED]: 
    at internalConnectMultiple (node:net:1339:18)
    at afterConnectMultiple (node:net:1942:7)
[2m1:33:13 pm[22m [31m[1m[vite][22m[39m [31mhttp proxy error: /api/poc/policies[39m
AggregateError [ECONNREFUSED]: 
    at internalConnectMultiple (node:net:1339:18)
    at afterConnectMultiple (node:net:1942:7)
[2m1:33:23 pm[22m [31m[1m[vite][22m[39m [31mhttp proxy error: /actuator/health[39m
AggregateError [ECONNREFUSED]: 
    at internalConnectMultiple (node:net:1339:18)
    at afterConnectMultiple (node:net:1942:7)
[2m1:33:23 pm[22m [31m[1m[vite][22m[39m [31mhttp proxy error: /actuator/metrics/ratelimit.requests[39m
AggregateError [ECONNREFUSED]: 
    at internalConnectMultiple (node:net:1339:18)
    at afterConnectMultiple (node:net:1942:7)
[2m1:33:23 pm[22m [31m[1m[vite][22m[39m [31mhttp proxy error: /api/poc/policies[39m
AggregateError [ECONNREFUSED]: 
    at internalConnectMultiple (node:net:1339:18)
    at afterConnectMultiple (node:net:1942:7)
[2m1:33:33 pm[22m [31m[1m[vite][22m[39m [31mhttp proxy error: /actuator/health[39m
AggregateError [ECONNREFUSED]: 
    at internalConnectMultiple (node:net:1339:18)
    at afterConnectMultiple (node:net:1942:7)
[2m1:33:33 pm[22m [31m[1m[vite][22m[39m [31mhttp proxy error: /actuator/metrics/ratelimit.requests[39m
AggregateError [ECONNREFUSED]: 
    at internalConnectMultiple (node:net:1339:18)
    at afterConnectMultiple (node:net:1942:7)
[2m1:33:33 pm[22m [31m[1m[vite][22m[39m [31mhttp proxy error: /api/poc/policies[39m
AggregateError [ECONNREFUSED]: 
    at internalConnectMultiple (node:net:1339:18)
    at afterConnectMultiple (node:net:1942:7)
[2m1:34:03 pm[22m [31m[1m[vite][22m[39m [31mhttp proxy error: /actuator/health[39m
AggregateError [ECONNREFUSED]: 
    at internalConnectMultiple (node:net:1339:18)
    at afterConnectMultiple (node:net:1942:7)
[2m1:34:03 pm[22m [31m[1m[vite][22m[39m [31mhttp proxy error: /api/poc/policies[39m
AggregateError [ECONNREFUSED]: 
    at internalConnectMultiple (node:net:1339:18)
    at afterConnectMultiple (node:net:1942:7)
[2m1:34:03 pm[22m [31m[1m[vite][22m[39m [31mhttp proxy error: /actuator/metrics/ratelimit.requests[39m
AggregateError [ECONNREFUSED]: 
    at internalConnectMultiple (node:net:1339:18)
    at afterConnectMultiple (node:net:1942:7)
[2m1:35:59 pm[22m [31m[1m[vite][22m[39m [31mhttp proxy error: /actuator/health[39m
AggregateError [ECONNREFUSED]: 
    at internalConnectMultiple (node:net:1339:18)
    at afterConnectMultiple (node:net:1942:7)
[2m1:35:59 pm[22m [31m[1m[vite][22m[39m [31mhttp proxy error: /actuator/metrics/ratelimit.requests[39m
AggregateError [ECONNREFUSED]: 
    at internalConnectMultiple (node:net:1339:18)
    at afterConnectMultiple (node:net:1942:7)
[2m1:35:59 pm[22m [31m[1m[vite][22m[39m [31mhttp proxy error: /api/poc/policies[39m
AggregateError [ECONNREFUSED]: 
    at internalConnectMultiple (node:net:1339:18)
    at afterConnectMultiple (node:net:1942:7)
[2m1:36:50 pm[22m [31m[1m[vite][22m[39m [31mhttp proxy error: /actuator/health[39m
AggregateError [ECONNREFUSED]: 
    at internalConnectMultiple (node:net:1339:18)
    at afterConnectMultiple (node:net:1942:7)
[2m1:36:50 pm[22m [31m[1m[vite][22m[39m [31mhttp proxy error: /actuator/metrics/ratelimit.requests[39m
AggregateError [ECONNREFUSED]: 
    at internalConnectMultiple (node:net:1339:18)
    at afterConnectMultiple (node:net:1942:7)
[2m1:36:50 pm[22m [31m[1m[vite][22m[39m [31mhttp proxy error: /api/poc/policies[39m
AggregateError [ECONNREFUSED]: 
    at internalConnectMultiple (node:net:1339:18)
    at afterConnectMultiple (node:net:1942:7)
[2m1:36:51 pm[22m [31m[1m[vite][22m[39m [31mhttp proxy error: /actuator/health[39m
AggregateError [ECONNREFUSED]: 
    at internalConnectMultiple (node:net:1339:18)
    at afterConnectMultiple (node:net:1942:7)
[2m1:36:51 pm[22m [31m[1m[vite][22m[39m [31mhttp proxy error: /actuator/metrics/ratelimit.requests[39m
AggregateError [ECONNREFUSED]: 
    at internalConnectMultiple (node:net:1339:18)
    at afterConnectMultiple (node:net:1942:7)
[2m1:36:51 pm[22m [31m[1m[vite][22m[39m [31mhttp proxy error: /api/poc/policies[39m
AggregateError [ECONNREFUSED]: 
    at internalConnectMultiple (node:net:1339:18)
    at afterConnectMultiple (node:net:1942:7)
[2m1:36:51 pm[22m [31m[1m[vite][22m[39m [31mhttp proxy error: /actuator/health[39m
AggregateError [ECONNREFUSED]: 
    at internalConnectMultiple (node:net:1339:18)
    at afterConnectMultiple (node:net:1942:7)
[2m1:36:51 pm[22m [31m[1m[vite][22m[39m [31mhttp proxy error: /actuator/metrics/ratelimit.requests[39m
AggregateError [ECONNREFUSED]: 
    at internalConnectMultiple (node:net:1339:18)
    at afterConnectMultiple (node:net:1942:7)
[2m1:36:51 pm[22m [31m[1m[vite][22m[39m [31mhttp proxy error: /api/poc/policies[39m
AggregateError [ECONNREFUSED]: 
    at internalConnectMultiple (node:net:1339:18)
    at afterConnectMultiple (node:net:1942:7)
[2m1:36:52 pm[22m [31m[1m[vite][22m[39m [31mhttp proxy error: /actuator/health[39m
AggregateError [ECONNREFUSED]: 
    at internalConnectMultiple (node:net:1339:18)
    at afterConnectMultiple (node:net:1942:7)
[2m1:36:52 pm[22m [31m[1m[vite][22m[39m [31mhttp proxy error: /actuator/metrics/ratelimit.requests[39m
AggregateError [ECONNREFUSED]: 
    at internalConnectMultiple (node:net:1339:18)
    at afterConnectMultiple (node:net:1942:7)
[2m1:36:52 pm[22m [31m[1m[vite][22m[39m [31mhttp proxy error: /api/poc/policies[39m
AggregateError [ECONNREFUSED]: 
    at internalConnectMultiple (node:net:1339:18)
    at afterConnectMultiple (node:net:1942:7)
[2m1:36:52 pm[22m [31m[1m[vite][22m[39m [31mhttp proxy error: /actuator/health[39m
AggregateError [ECONNREFUSED]: 
    at internalConnectMultiple (node:net:1339:18)
    at afterConnectMultiple (node:net:1942:7)
[2m1:36:52 pm[22m [31m[1m[vite][22m[39m [31mhttp proxy error: /actuator/metrics/ratelimit.requests[39m
AggregateError [ECONNREFUSED]: 
    at internalConnectMultiple (node:net:1339:18)
    at afterConnectMultiple (node:net:1942:7)
[2m1:36:52 pm[22m [31m[1m[vite][22m[39m [31mhttp proxy error: /api/poc/policies[39m
AggregateError [ECONNREFUSED]: 
    at internalConnectMultiple (node:net:1339:18)
    at afterConnectMultiple (node:net:1942:7)
[2m1:40:14 pm[22m [31m[1m[vite][22m[39m [31mhttp proxy error: /actuator/health[39m
AggregateError [ECONNREFUSED]: 
    at internalConnectMultiple (node:net:1339:18)
    at afterConnectMultiple (node:net:1942:7)
[2m1:40:14 pm[22m [31m[1m[vite][22m[39m [31mhttp proxy error: /actuator/metrics/ratelimit.requests[39m
AggregateError [ECONNREFUSED]: 
    at internalConnectMultiple (node:net:1339:18)
    at afterConnectMultiple (node:net:1942:7)
[2m1:40:14 pm[22m [31m[1m[vite][22m[39m [31mhttp proxy error: /api/poc/policies[39m
AggregateError [ECONNREFUSED]: 
    at internalConnectMultiple (node:net:1339:18)
    at afterConnectMultiple (node:net:1942:7)
[2m1:40:15 pm[22m [31m[1m[vite][22m[39m [31mhttp proxy error: /actuator/health[39m
AggregateError [ECONNREFUSED]: 
    at internalConnectMultiple (node:net:1339:18)
    at afterConnectMultiple (node:net:1942:7)
[2m1:40:15 pm[22m [31m[1m[vite][22m[39m [31mhttp proxy error: /actuator/metrics/ratelimit.requests[39m
AggregateError [ECONNREFUSED]: 
    at internalConnectMultiple (node:net:1339:18)
    at afterConnectMultiple (node:net:1942:7)
[2m1:40:15 pm[22m [31m[1m[vite][22m[39m [31mhttp proxy error: /api/poc/policies[39m
AggregateError [ECONNREFUSED]: 
    at internalConnectMultiple (node:net:1339:18)
    at afterConnectMultiple (node:net:1942:7)
[2m1:40:15 pm[22m [31m[1m[vite][22m[39m [31mhttp proxy error: /actuator/health[39m
AggregateError [ECONNREFUSED]: 
    at internalConnectMultiple (node:net:1339:18)
    at afterConnectMultiple (node:net:1942:7)
[2m1:40:15 pm[22m [31m[1m[vite][22m[39m [31mhttp proxy error: /actuator/metrics/ratelimit.requests[39m
AggregateError [ECONNREFUSED]: 
    at internalConnectMultiple (node:net:1339:18)
    at afterConnectMultiple (node:net:1942:7)
[2m1:40:15 pm[22m [31m[1m[vite][22m[39m [31mhttp proxy error: /api/poc/policies[39m
AggregateError [ECONNREFUSED]: 
    at internalConnectMultiple (node:net:1339:18)
    at afterConnectMultiple (node:net:1942:7)
[2m1:40:18 pm[22m [31m[1m[vite][22m[39m [31mhttp proxy error: /actuator/health[39m
AggregateError [ECONNREFUSED]: 
    at internalConnectMultiple (node:net:1339:18)
    at afterConnectMultiple (node:net:1942:7)
[2m1:40:18 pm[22m [31m[1m[vite][22m[39m [31mhttp proxy error: /actuator/metrics/ratelimit.requests[39m
AggregateError [ECONNREFUSED]: 
    at internalConnectMultiple (node:net:1339:18)
    at afterConnectMultiple (node:net:1942:7)
[2m1:40:18 pm[22m [31m[1m[vite][22m[39m [31mhttp proxy error: /api/poc/policies[39m
AggregateError [ECONNREFUSED]: 
    at internalConnectMultiple (node:net:1339:18)
    at afterConnectMultiple (node:net:1942:7)
[2m1:40:18 pm[22m [31m[1m[vite][22m[39m [31mhttp proxy error: /actuator/health[39m
AggregateError [ECONNREFUSED]: 
    at internalConnectMultiple (node:net:1339:18)
    at afterConnectMultiple (node:net:1942:7)
[2m1:40:18 pm[22m [31m[1m[vite][22m[39m [31mhttp proxy error: /actuator/metrics/ratelimit.requests[39m
AggregateError [ECONNREFUSED]: 
    at internalConnectMultiple (node:net:1339:18)
    at afterConnectMultiple (node:net:1942:7)
[2m1:40:18 pm[22m [31m[1m[vite][22m[39m [31mhttp proxy error: /api/poc/policies[39m
AggregateError [ECONNREFUSED]: 
    at internalConnectMultiple (node:net:1339:18)
    at afterConnectMultiple (node:net:1942:7)
[2m1:40:35 pm[22m [31m[1m[vite][22m[39m [31mhttp proxy error: /actuator/health[39m
AggregateError [ECONNREFUSED]: 
    at internalConnectMultiple (node:net:1339:18)
    at afterConnectMultiple (node:net:1942:7)
[2m1:40:35 pm[22m [31m[1m[vite][22m[39m [31mhttp proxy error: /actuator/metrics/ratelimit.requests[39m
AggregateError [ECONNREFUSED]: 
    at internalConnectMultiple (node:net:1339:18)
    at afterConnectMultiple (node:net:1942:7)
[2m1:40:35 pm[22m [31m[1m[vite][22m[39m [31mhttp proxy error: /api/poc/policies[39m
AggregateError [ECONNREFUSED]: 
    at internalConnectMultiple (node:net:1339:18)
    at afterConnectMultiple (node:net:1942:7)
[2m1:40:35 pm[22m [31m[1m[vite][22m[39m [31mhttp proxy error: /actuator/health[39m
AggregateError [ECONNREFUSED]: 
    at internalConnectMultiple (node:net:1339:18)
    at afterConnectMultiple (node:net:1942:7)
[2m1:40:35 pm[22m [31m[1m[vite][22m[39m [31mhttp proxy error: /actuator/metrics/ratelimit.requests[39m
AggregateError [ECONNREFUSED]: 
    at internalConnectMultiple (node:net:1339:18)
    at afterConnectMultiple (node:net:1942:7)
[2m1:40:35 pm[22m [31m[1m[vite][22m[39m [31mhttp proxy error: /api/poc/policies[39m
AggregateError [ECONNREFUSED]: 
    at internalConnectMultiple (node:net:1339:18)
    at afterConnectMultiple (node:net:1942:7)
[2m1:40:45 pm[22m [31m[1m[vite][22m[39m [31mhttp proxy error: /actuator/health[39m
AggregateError [ECONNREFUSED]: 
    at internalConnectMultiple (node:net:1339:18)
    at afterConnectMultiple (node:net:1942:7)
[2m1:40:45 pm[22m [31m[1m[vite][22m[39m [31mhttp proxy error: /actuator/metrics/ratelimit.requests[39m
AggregateError [ECONNREFUSED]: 
    at internalConnectMultiple (node:net:1339:18)
    at afterConnectMultiple (node:net:1942:7)
[2m1:40:45 pm[22m [31m[1m[vite][22m[39m [31mhttp proxy error: /api/poc/policies[39m
AggregateError [ECONNREFUSED]: 
    at internalConnectMultiple (node:net:1339:18)
    at afterConnectMultiple (node:net:1942:7)
[2m1:40:55 pm[22m [31m[1m[vite][22m[39m [31mhttp proxy error: /actuator/health[39m
AggregateError [ECONNREFUSED]: 
    at internalConnectMultiple (node:net:1339:18)
    at afterConnectMultiple (node:net:1942:7)
[2m1:40:55 pm[22m [31m[1m[vite][22m[39m [31mhttp proxy error: /actuator/metrics/ratelimit.requests[39m
AggregateError [ECONNREFUSED]: 
    at internalConnectMultiple (node:net:1339:18)
    at afterConnectMultiple (node:net:1942:7)
[2m1:40:55 pm[22m [31m[1m[vite][22m[39m [31mhttp proxy error: /api/poc/policies[39m
AggregateError [ECONNREFUSED]: 
    at internalConnectMultiple (node:net:1339:18)
    at afterConnectMultiple (node:net:1942:7)
[2m1:41:05 pm[22m [31m[1m[vite][22m[39m [31mhttp proxy error: /actuator/health[39m
AggregateError [ECONNREFUSED]: 
    at internalConnectMultiple (node:net:1339:18)
    at afterConnectMultiple (node:net:1942:7)
[2m1:41:05 pm[22m [31m[1m[vite][22m[39m [31mhttp proxy error: /actuator/metrics/ratelimit.requests[39m
AggregateError [ECONNREFUSED]: 
    at internalConnectMultiple (node:net:1339:18)
    at afterConnectMultiple (node:net:1942:7)
[2m1:41:05 pm[22m [31m[1m[vite][22m[39m [31mhttp proxy error: /api/poc/policies[39m
AggregateError [ECONNREFUSED]: 
    at internalConnectMultiple (node:net:1339:18)
    at afterConnectMultiple (node:net:1942:7)
[2m1:41:15 pm[22m [31m[1m[vite][22m[39m [31mhttp proxy error: /actuator/health[39m
AggregateError [ECONNREFUSED]: 
    at internalConnectMultiple (node:net:1339:18)
    at afterConnectMultiple (node:net:1942:7)
[2m1:41:15 pm[22m [31m[1m[vite][22m[39m [31mhttp proxy error: /actuator/metrics/ratelimit.requests[39m
AggregateError [ECONNREFUSED]: 
    at internalConnectMultiple (node:net:1339:18)
    at afterConnectMultiple (node:net:1942:7)
[2m1:41:15 pm[22m [31m[1m[vite][22m[39m [31mhttp proxy error: /api/poc/policies[39m
AggregateError [ECONNREFUSED]: 
    at internalConnectMultiple (node:net:1339:18)
    at afterConnectMultiple (node:net:1942:7)
[2m1:41:25 pm[22m [31m[1m[vite][22m[39m [31mhttp proxy error: /actuator/health[39m
AggregateError [ECONNREFUSED]: 
    at internalConnectMultiple (node:net:1339:18)
    at afterConnectMultiple (node:net:1942:7)
[2m1:41:25 pm[22m [31m[1m[vite][22m[39m [31mhttp proxy error: /actuator/metrics/ratelimit.requests[39m
AggregateError [ECONNREFUSED]: 
    at internalConnectMultiple (node:net:1339:18)
    at afterConnectMultiple (node:net:1942:7)
[2m1:41:25 pm[22m [31m[1m[vite][22m[39m [31mhttp proxy error: /api/poc/policies[39m
AggregateError [ECONNREFUSED]: 
    at internalConnectMultiple (node:net:1339:18)
    at afterConnectMultiple (node:net:1942:7)
[2m1:41:26 pm[22m [31m[1m[vite][22m[39m [31mhttp proxy error: /actuator/health[39m
AggregateError [ECONNREFUSED]: 
    at internalConnectMultiple (node:net:1339:18)
    at afterConnectMultiple (node:net:1942:7)
[2m1:41:26 pm[22m [31m[1m[vite][22m[39m [31mhttp proxy error: /actuator/metrics/ratelimit.requests[39m
AggregateError [ECONNREFUSED]: 
    at internalConnectMultiple (node:net:1339:18)
    at afterConnectMultiple (node:net:1942:7)
[2m1:41:26 pm[22m [31m[1m[vite][22m[39m [31mhttp proxy error: /api/poc/policies[39m
AggregateError [ECONNREFUSED]: 
    at internalConnectMultiple (node:net:1339:18)
    at afterConnectMultiple (node:net:1942:7)
[2m1:41:26 pm[22m [31m[1m[vite][22m[39m [31mhttp proxy error: /actuator/health[39m
AggregateError [ECONNREFUSED]: 
    at internalConnectMultiple (node:net:1339:18)
    at afterConnectMultiple (node:net:1942:7)
[2m1:41:26 pm[22m [31m[1m[vite][22m[39m [31mhttp proxy error: /actuator/metrics/ratelimit.requests[39m
AggregateError [ECONNREFUSED]: 
    at internalConnectMultiple (node:net:1339:18)
    at afterConnectMultiple (node:net:1942:7)
[2m1:41:26 pm[22m [31m[1m[vite][22m[39m [31mhttp proxy error: /api/poc/policies[39m
AggregateError [ECONNREFUSED]: 
    at internalConnectMultiple (node:net:1339:18)
    at afterConnectMultiple (node:net:1942:7)
[2m1:41:27 pm[22m [31m[1m[vite][22m[39m [31mhttp proxy error: /actuator/health[39m
AggregateError [ECONNREFUSED]: 
    at internalConnectMultiple (node:net:1339:18)
    at afterConnectMultiple (node:net:1942:7)
[2m1:41:27 pm[22m [31m[1m[vite][22m[39m [31mhttp proxy error: /actuator/metrics/ratelimit.requests[39m
AggregateError [ECONNREFUSED]: 
    at internalConnectMultiple (node:net:1339:18)
    at afterConnectMultiple (node:net:1942:7)
[2m1:41:27 pm[22m [31m[1m[vite][22m[39m [31mhttp proxy error: /api/poc/policies[39m
AggregateError [ECONNREFUSED]: 
    at internalConnectMultiple (node:net:1339:18)
    at afterConnectMultiple (node:net:1942:7)
[2m1:41:27 pm[22m [31m[1m[vite][22m[39m [31mhttp proxy error: /actuator/health[39m
AggregateError [ECONNREFUSED]: 
    at internalConnectMultiple (node:net:1339:18)
    at afterConnectMultiple (node:net:1942:7)
[2m1:41:27 pm[22m [31m[1m[vite][22m[39m [31mhttp proxy error: /actuator/metrics/ratelimit.requests[39m
AggregateError [ECONNREFUSED]: 
    at internalConnectMultiple (node:net:1339:18)
    at afterConnectMultiple (node:net:1942:7)
[2m1:41:27 pm[22m [31m[1m[vite][22m[39m [31mhttp proxy error: /api/poc/policies[39m
AggregateError [ECONNREFUSED]: 
    at internalConnectMultiple (node:net:1339:18)
    at afterConnectMultiple (node:net:1942:7)
[2m1:41:27 pm[22m [31m[1m[vite][22m[39m [31mhttp proxy error: /actuator/health[39m
AggregateError [ECONNREFUSED]: 
    at internalConnectMultiple (node:net:1339:18)
    at afterConnectMultiple (node:net:1942:7)
[2m1:41:27 pm[22m [31m[1m[vite][22m[39m [31mhttp proxy error: /actuator/metrics/ratelimit.requests[39m
AggregateError [ECONNREFUSED]: 
    at internalConnectMultiple (node:net:1339:18)
    at afterConnectMultiple (node:net:1942:7)
[2m1:41:27 pm[22m [31m[1m[vite][22m[39m [31mhttp proxy error: /api/poc/policies[39m
AggregateError [ECONNREFUSED]: 
    at internalConnectMultiple (node:net:1339:18)
    at afterConnectMultiple (node:net:1942:7)
[2m1:41:27 pm[22m [31m[1m[vite][22m[39m [31mhttp proxy error: /actuator/health[39m
AggregateError [ECONNREFUSED]: 
    at internalConnectMultiple (node:net:1339:18)
    at afterConnectMultiple (node:net:1942:7)
[2m1:41:27 pm[22m [31m[1m[vite][22m[39m [31mhttp proxy error: /actuator/metrics/ratelimit.requests[39m
AggregateError [ECONNREFUSED]: 
    at internalConnectMultiple (node:net:1339:18)
    at afterConnectMultiple (node:net:1942:7)
[2m1:41:27 pm[22m [31m[1m[vite][22m[39m [31mhttp proxy error: /api/poc/policies[39m
AggregateError [ECONNREFUSED]: 
    at internalConnectMultiple (node:net:1339:18)
    at afterConnectMultiple (node:net:1942:7)
[2m1:41:36 pm[22m [31m[1m[vite][22m[39m [31mhttp proxy error: /actuator/health[39m
AggregateError [ECONNREFUSED]: 
    at internalConnectMultiple (node:net:1339:18)
    at afterConnectMultiple (node:net:1942:7)
[2m1:41:36 pm[22m [31m[1m[vite][22m[39m [31mhttp proxy error: /actuator/metrics/ratelimit.requests[39m
AggregateError [ECONNREFUSED]: 
    at internalConnectMultiple (node:net:1339:18)
    at afterConnectMultiple (node:net:1942:7)
[2m1:41:36 pm[22m [31m[1m[vite][22m[39m [31mhttp proxy error: /api/poc/policies[39m
AggregateError [ECONNREFUSED]: 
    at internalConnectMultiple (node:net:1339:18)
    at afterConnectMultiple (node:net:1942:7)
[2m1:41:46 pm[22m [31m[1m[vite][22m[39m [31mhttp proxy error: /actuator/health[39m
AggregateError [ECONNREFUSED]: 
    at internalConnectMultiple (node:net:1339:18)
    at afterConnectMultiple (node:net:1942:7)
[2m1:41:46 pm[22m [31m[1m[vite][22m[39m [31mhttp proxy error: /actuator/metrics/ratelimit.requests[39m
AggregateError [ECONNREFUSED]: 
    at internalConnectMultiple (node:net:1339:18)
    at afterConnectMultiple (node:net:1942:7)
[2m1:41:46 pm[22m [31m[1m[vite][22m[39m [31mhttp proxy error: /api/poc/policies[39m
AggregateError [ECONNREFUSED]: 
    at internalConnectMultiple (node:net:1339:18)
    at afterConnectMultiple (node:net:1942:7)
[2m1:41:56 pm[22m [31m[1m[vite][22m[39m [31mhttp proxy error: /actuator/health[39m
AggregateError [ECONNREFUSED]: 
    at internalConnectMultiple (node:net:1339:18)
    at afterConnectMultiple (node:net:1942:7)
[2m1:41:56 pm[22m [31m[1m[vite][22m[39m [31mhttp proxy error: /actuator/metrics/ratelimit.requests[39m
AggregateError [ECONNREFUSED]: 
    at internalConnectMultiple (node:net:1339:18)
    at afterConnectMultiple (node:net:1942:7)
[2m1:41:56 pm[22m [31m[1m[vite][22m[39m [31mhttp proxy error: /api/poc/policies[39m
AggregateError [ECONNREFUSED]: 
    at internalConnectMultiple (node:net:1339:18)
    at afterConnectMultiple (node:net:1942:7)
[2m1:42:04 pm[22m [31m[1m[vite][22m[39m [31mhttp proxy error: /actuator/health[39m
AggregateError [ECONNREFUSED]: 
    at internalConnectMultiple (node:net:1339:18)
    at afterConnectMultiple (node:net:1942:7)
[2m1:42:04 pm[22m [31m[1m[vite][22m[39m [31mhttp proxy error: /actuator/metrics/ratelimit.requests[39m
AggregateError [ECONNREFUSED]: 
    at internalConnectMultiple (node:net:1339:18)
    at afterConnectMultiple (node:net:1942:7)
[2m1:42:04 pm[22m [31m[1m[vite][22m[39m [31mhttp proxy error: /api/poc/policies[39m
AggregateError [ECONNREFUSED]: 
    at internalConnectMultiple (node:net:1339:18)
    at afterConnectMultiple (node:net:1942:7)
[2m1:42:04 pm[22m [31m[1m[vite][22m[39m [31mhttp proxy error: /actuator/health[39m
AggregateError [ECONNREFUSED]: 
    at internalConnectMultiple (node:net:1339:18)
    at afterConnectMultiple (node:net:1942:7)
[2m1:42:04 pm[22m [31m[1m[vite][22m[39m [31mhttp proxy error: /api/poc/policies[39m
AggregateError [ECONNREFUSED]: 
    at internalConnectMultiple (node:net:1339:18)
    at afterConnectMultiple (node:net:1942:7)
[2m1:42:04 pm[22m [31m[1m[vite][22m[39m [31mhttp proxy error: /actuator/metrics/ratelimit.requests[39m
AggregateError [ECONNREFUSED]: 
    at internalConnectMultiple (node:net:1339:18)
    at afterConnectMultiple (node:net:1942:7)
[2m1:42:05 pm[22m [31m[1m[vite][22m[39m [31mhttp proxy error: /actuator/health[39m
AggregateError [ECONNREFUSED]: 
    at internalConnectMultiple (node:net:1339:18)
    at afterConnectMultiple (node:net:1942:7)
[2m1:42:05 pm[22m [31m[1m[vite][22m[39m [31mhttp proxy error: /actuator/metrics/ratelimit.requests[39m
AggregateError [ECONNREFUSED]: 
    at internalConnectMultiple (node:net:1339:18)
    at afterConnectMultiple (node:net:1942:7)
[2m1:42:05 pm[22m [31m[1m[vite][22m[39m [31mhttp proxy error: /api/poc/policies[39m
AggregateError [ECONNREFUSED]: 
    at internalConnectMultiple (node:net:1339:18)
    at afterConnectMultiple (node:net:1942:7)
[2m1:42:05 pm[22m [31m[1m[vite][22m[39m [31mhttp proxy error: /actuator/health[39m
AggregateError [ECONNREFUSED]: 
    at internalConnectMultiple (node:net:1339:18)
    at afterConnectMultiple (node:net:1942:7)
[2m1:42:05 pm[22m [31m[1m[vite][22m[39m [31mhttp proxy error: /actuator/metrics/ratelimit.requests[39m
AggregateError [ECONNREFUSED]: 
    at internalConnectMultiple (node:net:1339:18)
    at afterConnectMultiple (node:net:1942:7)
[2m1:42:05 pm[22m [31m[1m[vite][22m[39m [31mhttp proxy error: /api/poc/policies[39m
AggregateError [ECONNREFUSED]: 
    at internalConnectMultiple (node:net:1339:18)
    at afterConnectMultiple (node:net:1942:7)
[2m1:42:05 pm[22m [31m[1m[vite][22m[39m [31mhttp proxy error: /actuator/health[39m
AggregateError [ECONNREFUSED]: 
    at internalConnectMultiple (node:net:1339:18)
    at afterConnectMultiple (node:net:1942:7)
[2m1:42:05 pm[22m [31m[1m[vite][22m[39m [31mhttp proxy error: /actuator/metrics/ratelimit.requests[39m
AggregateError [ECONNREFUSED]: 
    at internalConnectMultiple (node:net:1339:18)
    at afterConnectMultiple (node:net:1942:7)
[2m1:42:05 pm[22m [31m[1m[vite][22m[39m [31mhttp proxy error: /api/poc/policies[39m
AggregateError [ECONNREFUSED]: 
    at internalConnectMultiple (node:net:1339:18)
    at afterConnectMultiple (node:net:1942:7)
[2m1:42:05 pm[22m [31m[1m[vite][22m[39m [31mhttp proxy error: /actuator/health[39m
AggregateError [ECONNREFUSED]: 
    at internalConnectMultiple (node:net:1339:18)
    at afterConnectMultiple (node:net:1942:7)
[2m1:42:05 pm[22m [31m[1m[vite][22m[39m [31mhttp proxy error: /api/poc/policies[39m
AggregateError [ECONNREFUSED]: 
    at internalConnectMultiple (node:net:1339:18)
    at afterConnectMultiple (node:net:1942:7)
[2m1:42:05 pm[22m [31m[1m[vite][22m[39m [31mhttp proxy error: /actuator/metrics/ratelimit.requests[39m
AggregateError [ECONNREFUSED]: 
    at internalConnectMultiple (node:net:1339:18)
    at afterConnectMultiple (node:net:1942:7)
[2m1:42:06 pm[22m [31m[1m[vite][22m[39m [31mhttp proxy error: /actuator/health[39m
AggregateError [ECONNREFUSED]: 
    at internalConnectMultiple (node:net:1339:18)
    at afterConnectMultiple (node:net:1942:7)
[2m1:42:06 pm[22m [31m[1m[vite][22m[39m [31mhttp proxy error: /actuator/metrics/ratelimit.requests[39m
AggregateError [ECONNREFUSED]: 
    at internalConnectMultiple (node:net:1339:18)
    at afterConnectMultiple (node:net:1942:7)
[2m1:42:06 pm[22m [31m[1m[vite][22m[39m [31mhttp proxy error: /api/poc/policies[39m
AggregateError [ECONNREFUSED]: 
    at internalConnectMultiple (node:net:1339:18)
    at afterConnectMultiple (node:net:1942:7)
[2m1:42:06 pm[22m [31m[1m[vite][22m[39m [31mhttp proxy error: /actuator/health[39m
AggregateError [ECONNREFUSED]: 
    at internalConnectMultiple (node:net:1339:18)
    at afterConnectMultiple (node:net:1942:7)
[2m1:42:06 pm[22m [31m[1m[vite][22m[39m [31mhttp proxy error: /actuator/metrics/ratelimit.requests[39m
AggregateError [ECONNREFUSED]: 
    at internalConnectMultiple (node:net:1339:18)
    at afterConnectMultiple (node:net:1942:7)
[2m1:42:06 pm[22m [31m[1m[vite][22m[39m [31mhttp proxy error: /api/poc/policies[39m
AggregateError [ECONNREFUSED]: 
    at internalConnectMultiple (node:net:1339:18)
    at afterConnectMultiple (node:net:1942:7)
[2m1:42:07 pm[22m [31m[1m[vite][22m[39m [31mhttp proxy error: /actuator/health[39m
AggregateError [ECONNREFUSED]: 
    at internalConnectMultiple (node:net:1339:18)
    at afterConnectMultiple (node:net:1942:7)
[2m1:42:07 pm[22m [31m[1m[vite][22m[39m [31mhttp proxy error: /actuator/metrics/ratelimit.requests[39m
AggregateError [ECONNREFUSED]: 
    at internalConnectMultiple (node:net:1339:18)
    at afterConnectMultiple (node:net:1942:7)
[2m1:42:07 pm[22m [31m[1m[vite][22m[39m [31mhttp proxy error: /api/poc/policies[39m
AggregateError [ECONNREFUSED]: 
    at internalConnectMultiple (node:net:1339:18)
    at afterConnectMultiple (node:net:1942:7)
[2m1:42:07 pm[22m [31m[1m[vite][22m[39m [31mhttp proxy error: /actuator/health[39m
AggregateError [ECONNREFUSED]: 
    at internalConnectMultiple (node:net:1339:18)
    at afterConnectMultiple (node:net:1942:7)
[2m1:42:07 pm[22m [31m[1m[vite][22m[39m [31mhttp proxy error: /actuator/metrics/ratelimit.requests[39m
AggregateError [ECONNREFUSED]: 
    at internalConnectMultiple (node:net:1339:18)
    at afterConnectMultiple (node:net:1942:7)
[2m1:42:07 pm[22m [31m[1m[vite][22m[39m [31mhttp proxy error: /api/poc/policies[39m
AggregateError [ECONNREFUSED]: 
    at internalConnectMultiple (node:net:1339:18)
    at afterConnectMultiple (node:net:1942:7)
[2m3:33:50 pm[22m [31m[1m[vite][22m[39m [31mhttp proxy error: /actuator/health[39m
AggregateError [ECONNREFUSED]: 
    at internalConnectMultiple (node:net:1339:18)
    at afterConnectMultiple (node:net:1942:7)
[2m3:33:50 pm[22m [31m[1m[vite][22m[39m [31mhttp proxy error: /actuator/metrics/ratelimit.requests[39m
AggregateError [ECONNREFUSED]: 
    at internalConnectMultiple (node:net:1339:18)
    at afterConnectMultiple (node:net:1942:7)
[2m3:33:50 pm[22m [31m[1m[vite][22m[39m [31mhttp proxy error: /api/poc/policies[39m
AggregateError [ECONNREFUSED]: 
    at internalConnectMultiple (node:net:1339:18)
    at afterConnectMultiple (node:net:1942:7)
[2m3:33:51 pm[22m [31m[1m[vite][22m[39m [31mhttp proxy error: /actuator/health[39m
AggregateError [ECONNREFUSED]: 
    at internalConnectMultiple (node:net:1339:18)
    at afterConnectMultiple (node:net:1942:7)
[2m3:33:51 pm[22m [31m[1m[vite][22m[39m [31mhttp proxy error: /actuator/metrics/ratelimit.requests[39m
AggregateError [ECONNREFUSED]: 
    at internalConnectMultiple (node:net:1339:18)
    at afterConnectMultiple (node:net:1942:7)
[2m3:33:51 pm[22m [31m[1m[vite][22m[39m [31mhttp proxy error: /api/poc/policies[39m
AggregateError [ECONNREFUSED]: 
    at internalConnectMultiple (node:net:1339:18)
    at afterConnectMultiple (node:net:1942:7)
[2m3:33:52 pm[22m [31m[1m[vite][22m[39m [31mhttp proxy error: /actuator/health[39m
AggregateError [ECONNREFUSED]: 
    at internalConnectMultiple (node:net:1339:18)
    at afterConnectMultiple (node:net:1942:7)
[2m3:33:52 pm[22m [31m[1m[vite][22m[39m [31mhttp proxy error: /actuator/metrics/ratelimit.requests[39m
AggregateError [ECONNREFUSED]: 
    at internalConnectMultiple (node:net:1339:18)
    at afterConnectMultiple (node:net:1942:7)
[2m3:33:52 pm[22m [31m[1m[vite][22m[39m [31mhttp proxy error: /api/poc/policies[39m
AggregateError [ECONNREFUSED]: 
    at internalConnectMultiple (node:net:1339:18)
    at afterConnectMultiple (node:net:1942:7)
[2m3:34:00 pm[22m [31m[1m[vite][22m[39m [31mhttp proxy error: /actuator/health[39m
AggregateError [ECONNREFUSED]: 
    at internalConnectMultiple (node:net:1339:18)
    at afterConnectMultiple (node:net:1942:7)
[2m3:34:00 pm[22m [31m[1m[vite][22m[39m [31mhttp proxy error: /actuator/metrics/ratelimit.requests[39m
AggregateError [ECONNREFUSED]: 
    at internalConnectMultiple (node:net:1339:18)
    at afterConnectMultiple (node:net:1942:7)
[2m3:34:00 pm[22m [31m[1m[vite][22m[39m [31mhttp proxy error: /api/poc/policies[39m
AggregateError [ECONNREFUSED]: 
    at internalConnectMultiple (node:net:1339:18)
    at afterConnectMultiple (node:net:1942:7)
[2m3:34:10 pm[22m [31m[1m[vite][22m[39m [31mhttp proxy error: /actuator/health[39m
AggregateError [ECONNREFUSED]: 
    at internalConnectMultiple (node:net:1339:18)
    at afterConnectMultiple (node:net:1942:7)
[2m3:34:10 pm[22m [31m[1m[vite][22m[39m [31mhttp proxy error: /actuator/metrics/ratelimit.requests[39m
AggregateError [ECONNREFUSED]: 
    at internalConnectMultiple (node:net:1339:18)
    at afterConnectMultiple (node:net:1942:7)
[2m3:34:10 pm[22m [31m[1m[vite][22m[39m [31mhttp proxy error: /api/poc/policies[39m
AggregateError [ECONNREFUSED]: 
    at internalConnectMultiple (node:net:1339:18)
    at afterConnectMultiple (node:net:1942:7)
[2m3:34:20 pm[22m [31m[1m[vite][22m[39m [31mhttp proxy error: /actuator/health[39m
AggregateError [ECONNREFUSED]: 
    at internalConnectMultiple (node:net:1339:18)
    at afterConnectMultiple (node:net:1942:7)
[2m3:34:20 pm[22m [31m[1m[vite][22m[39m [31mhttp proxy error: /actuator/metrics/ratelimit.requests[39m
AggregateError [ECONNREFUSED]: 
    at internalConnectMultiple (node:net:1339:18)
    at afterConnectMultiple (node:net:1942:7)
[2m3:34:20 pm[22m [31m[1m[vite][22m[39m [31mhttp proxy error: /api/poc/policies[39m
AggregateError [ECONNREFUSED]: 
    at internalConnectMultiple (node:net:1339:18)
    at afterConnectMultiple (node:net:1942:7)
[2m3:34:30 pm[22m [31m[1m[vite][22m[39m [31mhttp proxy error: /actuator/health[39m
AggregateError [ECONNREFUSED]: 
    at internalConnectMultiple (node:net:1339:18)
    at afterConnectMultiple (node:net:1942:7)
[2m3:34:30 pm[22m [31m[1m[vite][22m[39m [31mhttp proxy error: /actuator/metrics/ratelimit.requests[39m
AggregateError [ECONNREFUSED]: 
    at internalConnectMultiple (node:net:1339:18)
    at afterConnectMultiple (node:net:1942:7)
[2m3:34:30 pm[22m [31m[1m[vite][22m[39m [31mhttp proxy error: /api/poc/policies[39m
AggregateError [ECONNREFUSED]: 
    at internalConnectMultiple (node:net:1339:18)
    at afterConnectMultiple (node:net:1942:7)
[2m3:34:31 pm[22m [31m[1m[vite][22m[39m [31mhttp proxy error: /actuator/metrics/ratelimit.requests[39m
AggregateError [ECONNREFUSED]: 
    at internalConnectMultiple (node:net:1339:18)
    at afterConnectMultiple (node:net:1942:7)
[2m3:34:31 pm[22m [31m[1m[vite][22m[39m [31mhttp proxy error: /actuator/health[39m
AggregateError [ECONNREFUSED]: 
    at internalConnectMultiple (node:net:1339:18)
    at afterConnectMultiple (node:net:1942:7)
[2m3:34:31 pm[22m [31m[1m[vite][22m[39m [31mhttp proxy error: /api/poc/policies[39m
AggregateError [ECONNREFUSED]: 
    at internalConnectMultiple (node:net:1339:18)
    at afterConnectMultiple (node:net:1942:7)
[2m3:34:40 pm[22m [31m[1m[vite][22m[39m [31mhttp proxy error: /actuator/health[39m
AggregateError [ECONNREFUSED]: 
    at internalConnectMultiple (node:net:1339:18)
    at afterConnectMultiple (node:net:1942:7)
[2m3:34:40 pm[22m [31m[1m[vite][22m[39m [31mhttp proxy error: /actuator/metrics/ratelimit.requests[39m
AggregateError [ECONNREFUSED]: 
    at internalConnectMultiple (node:net:1339:18)
    at afterConnectMultiple (node:net:1942:7)
[2m3:34:40 pm[22m [31m[1m[vite][22m[39m [31mhttp proxy error: /api/poc/policies[39m
AggregateError [ECONNREFUSED]: 
    at internalConnectMultiple (node:net:1339:18)
    at afterConnectMultiple (node:net:1942:7)
[2m3:34:50 pm[22m [31m[1m[vite][22m[39m [31mhttp proxy error: /actuator/health[39m
AggregateError [ECONNREFUSED]: 
    at internalConnectMultiple (node:net:1339:18)
    at afterConnectMultiple (node:net:1942:7)
[2m3:34:50 pm[22m [31m[1m[vite][22m[39m [31mhttp proxy error: /actuator/metrics/ratelimit.requests[39m
AggregateError [ECONNREFUSED]: 
    at internalConnectMultiple (node:net:1339:18)
    at afterConnectMultiple (node:net:1942:7)
[2m3:34:50 pm[22m [31m[1m[vite][22m[39m [31mhttp proxy error: /api/poc/policies[39m
AggregateError [ECONNREFUSED]: 
    at internalConnectMultiple (node:net:1339:18)
    at afterConnectMultiple (node:net:1942:7)
[2m3:35:00 pm[22m [31m[1m[vite][22m[39m [31mhttp proxy error: /actuator/health[39m
AggregateError [ECONNREFUSED]: 
    at internalConnectMultiple (node:net:1339:18)
    at afterConnectMultiple (node:net:1942:7)
[2m3:35:00 pm[22m [31m[1m[vite][22m[39m [31mhttp proxy error: /actuator/metrics/ratelimit.requests[39m
AggregateError [ECONNREFUSED]: 
    at internalConnectMultiple (node:net:1339:18)
    at afterConnectMultiple (node:net:1942:7)
[2m3:35:00 pm[22m [31m[1m[vite][22m[39m [31mhttp proxy error: /api/poc/policies[39m
AggregateError [ECONNREFUSED]: 
    at internalConnectMultiple (node:net:1339:18)
    at afterConnectMultiple (node:net:1942:7)
[2m3:35:10 pm[22m [31m[1m[vite][22m[39m [31mhttp proxy error: /actuator/health[39m
AggregateError [ECONNREFUSED]: 
    at internalConnectMultiple (node:net:1339:18)
    at afterConnectMultiple (node:net:1942:7)
[2m3:35:10 pm[22m [31m[1m[vite][22m[39m [31mhttp proxy error: /api/poc/policies[39m
AggregateError [ECONNREFUSED]: 
    at internalConnectMultiple (node:net:1339:18)
    at afterConnectMultiple (node:net:1942:7)
[2m3:35:10 pm[22m [31m[1m[vite][22m[39m [31mhttp proxy error: /actuator/metrics/ratelimit.requests[39m
AggregateError [ECONNREFUSED]: 
    at internalConnectMultiple (node:net:1339:18)
    at afterConnectMultiple (node:net:1942:7)
[2m3:35:20 pm[22m [31m[1m[vite][22m[39m [31mhttp proxy error: /actuator/health[39m
AggregateError [ECONNREFUSED]: 
    at internalConnectMultiple (node:net:1339:18)
    at afterConnectMultiple (node:net:1942:7)
[2m3:35:20 pm[22m [31m[1m[vite][22m[39m [31mhttp proxy error: /actuator/metrics/ratelimit.requests[39m
AggregateError [ECONNREFUSED]: 
    at internalConnectMultiple (node:net:1339:18)
    at afterConnectMultiple (node:net:1942:7)
[2m3:35:20 pm[22m [31m[1m[vite][22m[39m [31mhttp proxy error: /api/poc/policies[39m
AggregateError [ECONNREFUSED]: 
    at internalConnectMultiple (node:net:1339:18)
    at afterConnectMultiple (node:net:1942:7)
[2m3:35:30 pm[22m [31m[1m[vite][22m[39m [31mhttp proxy error: /actuator/health[39m
AggregateError [ECONNREFUSED]: 
    at internalConnectMultiple (node:net:1339:18)
    at afterConnectMultiple (node:net:1942:7)
[2m3:35:30 pm[22m [31m[1m[vite][22m[39m [31mhttp proxy error: /actuator/metrics/ratelimit.requests[39m
AggregateError [ECONNREFUSED]: 
    at internalConnectMultiple (node:net:1339:18)
    at afterConnectMultiple (node:net:1942:7)
[2m3:35:30 pm[22m [31m[1m[vite][22m[39m [31mhttp proxy error: /api/poc/policies[39m
AggregateError [ECONNREFUSED]: 
    at internalConnectMultiple (node:net:1339:18)
    at afterConnectMultiple (node:net:1942:7)
[2m3:35:40 pm[22m [31m[1m[vite][22m[39m [31mhttp proxy error: /actuator/health[39m
AggregateError [ECONNREFUSED]: 
    at internalConnectMultiple (node:net:1339:18)
    at afterConnectMultiple (node:net:1942:7)
[2m3:35:40 pm[22m [31m[1m[vite][22m[39m [31mhttp proxy error: /actuator/metrics/ratelimit.requests[39m
AggregateError [ECONNREFUSED]: 
    at internalConnectMultiple (node:net:1339:18)
    at afterConnectMultiple (node:net:1942:7)
[2m3:35:40 pm[22m [31m[1m[vite][22m[39m [31mhttp proxy error: /api/poc/policies[39m
AggregateError [ECONNREFUSED]: 
    at internalConnectMultiple (node:net:1339:18)
    at afterConnectMultiple (node:net:1942:7)
[2m3:35:50 pm[22m [31m[1m[vite][22m[39m [31mhttp proxy error: /actuator/health[39m
AggregateError [ECONNREFUSED]: 
    at internalConnectMultiple (node:net:1339:18)
    at afterConnectMultiple (node:net:1942:7)
[2m3:35:50 pm[22m [31m[1m[vite][22m[39m [31mhttp proxy error: /actuator/metrics/ratelimit.requests[39m
AggregateError [ECONNREFUSED]: 
    at internalConnectMultiple (node:net:1339:18)
    at afterConnectMultiple (node:net:1942:7)
[2m3:35:50 pm[22m [31m[1m[vite][22m[39m [31mhttp proxy error: /api/poc/policies[39m
AggregateError [ECONNREFUSED]: 
    at internalConnectMultiple (node:net:1339:18)
    at afterConnectMultiple (node:net:1942:7)
[2m3:36:00 pm[22m [31m[1m[vite][22m[39m [31mhttp proxy error: /actuator/health[39m
AggregateError [ECONNREFUSED]: 
    at internalConnectMultiple (node:net:1339:18)
    at afterConnectMultiple (node:net:1942:7)
[2m3:36:00 pm[22m [31m[1m[vite][22m[39m [31mhttp proxy error: /actuator/metrics/ratelimit.requests[39m
AggregateError [ECONNREFUSED]: 
    at internalConnectMultiple (node:net:1339:18)
    at afterConnectMultiple (node:net:1942:7)
[2m3:36:00 pm[22m [31m[1m[vite][22m[39m [31mhttp proxy error: /api/poc/policies[39m
AggregateError [ECONNREFUSED]: 
    at internalConnectMultiple (node:net:1339:18)
    at afterConnectMultiple (node:net:1942:7)
[2m3:36:10 pm[22m [31m[1m[vite][22m[39m [31mhttp proxy error: /actuator/health[39m
AggregateError [ECONNREFUSED]: 
    at internalConnectMultiple (node:net:1339:18)
    at afterConnectMultiple (node:net:1942:7)
[2m3:36:10 pm[22m [31m[1m[vite][22m[39m [31mhttp proxy error: /actuator/metrics/ratelimit.requests[39m
AggregateError [ECONNREFUSED]: 
    at internalConnectMultiple (node:net:1339:18)
    at afterConnectMultiple (node:net:1942:7)
[2m3:36:10 pm[22m [31m[1m[vite][22m[39m [31mhttp proxy error: /api/poc/policies[39m
AggregateError [ECONNREFUSED]: 
    at internalConnectMultiple (node:net:1339:18)
    at afterConnectMultiple (node:net:1942:7)
[2m3:36:20 pm[22m [31m[1m[vite][22m[39m [31mhttp proxy error: /actuator/health[39m
AggregateError [ECONNREFUSED]: 
    at internalConnectMultiple (node:net:1339:18)
    at afterConnectMultiple (node:net:1942:7)
[2m3:36:20 pm[22m [31m[1m[vite][22m[39m [31mhttp proxy error: /actuator/metrics/ratelimit.requests[39m
AggregateError [ECONNREFUSED]: 
    at internalConnectMultiple (node:net:1339:18)
    at afterConnectMultiple (node:net:1942:7)
[2m3:36:20 pm[22m [31m[1m[vite][22m[39m [31mhttp proxy error: /api/poc/policies[39m
AggregateError [ECONNREFUSED]: 
    at internalConnectMultiple (node:net:1339:18)
    at afterConnectMultiple (node:net:1942:7)
[2m3:36:30 pm[22m [31m[1m[vite][22m[39m [31mhttp proxy error: /actuator/health[39m
AggregateError [ECONNREFUSED]: 
    at internalConnectMultiple (node:net:1339:18)
    at afterConnectMultiple (node:net:1942:7)
[2m3:36:30 pm[22m [31m[1m[vite][22m[39m [31mhttp proxy error: /actuator/metrics/ratelimit.requests[39m
AggregateError [ECONNREFUSED]: 
    at internalConnectMultiple (node:net:1339:18)
    at afterConnectMultiple (node:net:1942:7)
[2m3:36:30 pm[22m [31m[1m[vite][22m[39m [31mhttp proxy error: /api/poc/policies[39m
AggregateError [ECONNREFUSED]: 
    at internalConnectMultiple (node:net:1339:18)
    at afterConnectMultiple (node:net:1942:7)
[2m3:36:40 pm[22m [31m[1m[vite][22m[39m [31mhttp proxy error: /actuator/health[39m
AggregateError [ECONNREFUSED]: 
    at internalConnectMultiple (node:net:1339:18)
    at afterConnectMultiple (node:net:1942:7)
[2m3:36:40 pm[22m [31m[1m[vite][22m[39m [31mhttp proxy error: /actuator/metrics/ratelimit.requests[39m
AggregateError [ECONNREFUSED]: 
    at internalConnectMultiple (node:net:1339:18)
    at afterConnectMultiple (node:net:1942:7)
[2m3:36:40 pm[22m [31m[1m[vite][22m[39m [31mhttp proxy error: /api/poc/policies[39m
AggregateError [ECONNREFUSED]: 
    at internalConnectMultiple (node:net:1339:18)
    at afterConnectMultiple (node:net:1942:7)
[2m3:36:50 pm[22m [31m[1m[vite][22m[39m [31mhttp proxy error: /actuator/health[39m
AggregateError [ECONNREFUSED]: 
    at internalConnectMultiple (node:net:1339:18)
    at afterConnectMultiple (node:net:1942:7)
[2m3:36:50 pm[22m [31m[1m[vite][22m[39m [31mhttp proxy error: /actuator/metrics/ratelimit.requests[39m
AggregateError [ECONNREFUSED]: 
    at internalConnectMultiple (node:net:1339:18)
    at afterConnectMultiple (node:net:1942:7)
[2m3:36:50 pm[22m [31m[1m[vite][22m[39m [31mhttp proxy error: /api/poc/policies[39m
AggregateError [ECONNREFUSED]: 
    at internalConnectMultiple (node:net:1339:18)
    at afterConnectMultiple (node:net:1942:7)
[2m3:37:00 pm[22m [31m[1m[vite][22m[39m [31mhttp proxy error: /actuator/health[39m
AggregateError [ECONNREFUSED]: 
    at internalConnectMultiple (node:net:1339:18)
    at afterConnectMultiple (node:net:1942:7)
[2m3:37:00 pm[22m [31m[1m[vite][22m[39m [31mhttp proxy error: /actuator/metrics/ratelimit.requests[39m
AggregateError [ECONNREFUSED]: 
    at internalConnectMultiple (node:net:1339:18)
    at afterConnectMultiple (node:net:1942:7)
[2m3:37:00 pm[22m [31m[1m[vite][22m[39m [31mhttp proxy error: /api/poc/policies[39m
AggregateError [ECONNREFUSED]: 
    at internalConnectMultiple (node:net:1339:18)
    at afterConnectMultiple (node:net:1942:7)
[2m3:37:10 pm[22m [31m[1m[vite][22m[39m [31mhttp proxy error: /actuator/health[39m
AggregateError [ECONNREFUSED]: 
    at internalConnectMultiple (node:net:1339:18)
    at afterConnectMultiple (node:net:1942:7)
[2m3:37:10 pm[22m [31m[1m[vite][22m[39m [31mhttp proxy error: /actuator/metrics/ratelimit.requests[39m
AggregateError [ECONNREFUSED]: 
    at internalConnectMultiple (node:net:1339:18)
    at afterConnectMultiple (node:net:1942:7)
[2m3:37:10 pm[22m [31m[1m[vite][22m[39m [31mhttp proxy error: /api/poc/policies[39m
AggregateError [ECONNREFUSED]: 
    at internalConnectMultiple (node:net:1339:18)
    at afterConnectMultiple (node:net:1942:7)
[2m3:37:20 pm[22m [31m[1m[vite][22m[39m [31mhttp proxy error: /actuator/health[39m
AggregateError [ECONNREFUSED]: 
    at internalConnectMultiple (node:net:1339:18)
    at afterConnectMultiple (node:net:1942:7)
[2m3:37:20 pm[22m [31m[1m[vite][22m[39m [31mhttp proxy error: /actuator/metrics/ratelimit.requests[39m
AggregateError [ECONNREFUSED]: 
    at internalConnectMultiple (node:net:1339:18)
    at afterConnectMultiple (node:net:1942:7)
[2m3:37:20 pm[22m [31m[1m[vite][22m[39m [31mhttp proxy error: /api/poc/policies[39m
AggregateError [ECONNREFUSED]: 
    at internalConnectMultiple (node:net:1339:18)
    at afterConnectMultiple (node:net:1942:7)
[2m3:37:30 pm[22m [31m[1m[vite][22m[39m [31mhttp proxy error: /actuator/health[39m
AggregateError [ECONNREFUSED]: 
    at internalConnectMultiple (node:net:1339:18)
    at afterConnectMultiple (node:net:1942:7)
[2m3:37:30 pm[22m [31m[1m[vite][22m[39m [31mhttp proxy error: /api/poc/policies[39m
AggregateError [ECONNREFUSED]: 
    at internalConnectMultiple (node:net:1339:18)
    at afterConnectMultiple (node:net:1942:7)
[2m3:37:30 pm[22m [31m[1m[vite][22m[39m [31mhttp proxy error: /actuator/metrics/ratelimit.requests[39m
AggregateError [ECONNREFUSED]: 
    at internalConnectMultiple (node:net:1339:18)
    at afterConnectMultiple (node:net:1942:7)
[2m3:37:40 pm[22m [31m[1m[vite][22m[39m [31mhttp proxy error: /actuator/health[39m
AggregateError [ECONNREFUSED]: 
    at internalConnectMultiple (node:net:1339:18)
    at afterConnectMultiple (node:net:1942:7)
[2m3:37:40 pm[22m [31m[1m[vite][22m[39m [31mhttp proxy error: /actuator/metrics/ratelimit.requests[39m
AggregateError [ECONNREFUSED]: 
    at internalConnectMultiple (node:net:1339:18)
    at afterConnectMultiple (node:net:1942:7)
[2m3:37:40 pm[22m [31m[1m[vite][22m[39m [31mhttp proxy error: /api/poc/policies[39m
AggregateError [ECONNREFUSED]: 
    at internalConnectMultiple (node:net:1339:18)
    at afterConnectMultiple (node:net:1942:7)
[2m3:37:50 pm[22m [31m[1m[vite][22m[39m [31mhttp proxy error: /actuator/health[39m
AggregateError [ECONNREFUSED]: 
    at internalConnectMultiple (node:net:1339:18)
    at afterConnectMultiple (node:net:1942:7)
[2m3:37:50 pm[22m [31m[1m[vite][22m[39m [31mhttp proxy error: /actuator/metrics/ratelimit.requests[39m
AggregateError [ECONNREFUSED]: 
    at internalConnectMultiple (node:net:1339:18)
    at afterConnectMultiple (node:net:1942:7)
[2m3:37:50 pm[22m [31m[1m[vite][22m[39m [31mhttp proxy error: /api/poc/policies[39m
AggregateError [ECONNREFUSED]: 
    at internalConnectMultiple (node:net:1339:18)
    at afterConnectMultiple (node:net:1942:7)
[2m3:38:00 pm[22m [31m[1m[vite][22m[39m [31mhttp proxy error: /actuator/health[39m
AggregateError [ECONNREFUSED]: 
    at internalConnectMultiple (node:net:1339:18)
    at afterConnectMultiple (node:net:1942:7)
[2m3:38:00 pm[22m [31m[1m[vite][22m[39m [31mhttp proxy error: /actuator/metrics/ratelimit.requests[39m
AggregateError [ECONNREFUSED]: 
    at internalConnectMultiple (node:net:1339:18)
    at afterConnectMultiple (node:net:1942:7)
[2m3:38:00 pm[22m [31m[1m[vite][22m[39m [31mhttp proxy error: /api/poc/policies[39m
AggregateError [ECONNREFUSED]: 
    at internalConnectMultiple (node:net:1339:18)
    at afterConnectMultiple (node:net:1942:7)
[2m3:38:10 pm[22m [31m[1m[vite][22m[39m [31mhttp proxy error: /actuator/health[39m
AggregateError [ECONNREFUSED]: 
    at internalConnectMultiple (node:net:1339:18)
    at afterConnectMultiple (node:net:1942:7)
[2m3:38:10 pm[22m [31m[1m[vite][22m[39m [31mhttp proxy error: /actuator/metrics/ratelimit.requests[39m
AggregateError [ECONNREFUSED]: 
    at internalConnectMultiple (node:net:1339:18)
    at afterConnectMultiple (node:net:1942:7)
[2m3:38:10 pm[22m [31m[1m[vite][22m[39m [31mhttp proxy error: /api/poc/policies[39m
AggregateError [ECONNREFUSED]: 
    at internalConnectMultiple (node:net:1339:18)
    at afterConnectMultiple (node:net:1942:7)
[2m3:38:20 pm[22m [31m[1m[vite][22m[39m [31mhttp proxy error: /actuator/health[39m
AggregateError [ECONNREFUSED]: 
    at internalConnectMultiple (node:net:1339:18)
    at afterConnectMultiple (node:net:1942:7)
[2m3:38:20 pm[22m [31m[1m[vite][22m[39m [31mhttp proxy error: /actuator/metrics/ratelimit.requests[39m
AggregateError [ECONNREFUSED]: 
    at internalConnectMultiple (node:net:1339:18)
    at afterConnectMultiple (node:net:1942:7)
[2m3:38:20 pm[22m [31m[1m[vite][22m[39m [31mhttp proxy error: /api/poc/policies[39m
AggregateError [ECONNREFUSED]: 
    at internalConnectMultiple (node:net:1339:18)
    at afterConnectMultiple (node:net:1942:7)
[2m3:38:30 pm[22m [31m[1m[vite][22m[39m [31mhttp proxy error: /actuator/health[39m
AggregateError [ECONNREFUSED]: 
    at internalConnectMultiple (node:net:1339:18)
    at afterConnectMultiple (node:net:1942:7)
[2m3:38:30 pm[22m [31m[1m[vite][22m[39m [31mhttp proxy error: /actuator/metrics/ratelimit.requests[39m
AggregateError [ECONNREFUSED]: 
    at internalConnectMultiple (node:net:1339:18)
    at afterConnectMultiple (node:net:1942:7)
[2m3:38:30 pm[22m [31m[1m[vite][22m[39m [31mhttp proxy error: /api/poc/policies[39m
AggregateError [ECONNREFUSED]: 
    at internalConnectMultiple (node:net:1339:18)
    at afterConnectMultiple (node:net:1942:7)
[2m3:38:40 pm[22m [31m[1m[vite][22m[39m [31mhttp proxy error: /actuator/health[39m
AggregateError [ECONNREFUSED]: 
    at internalConnectMultiple (node:net:1339:18)
    at afterConnectMultiple (node:net:1942:7)
[2m3:38:40 pm[22m [31m[1m[vite][22m[39m [31mhttp proxy error: /actuator/metrics/ratelimit.requests[39m
AggregateError [ECONNREFUSED]: 
    at internalConnectMultiple (node:net:1339:18)
    at afterConnectMultiple (node:net:1942:7)
[2m3:38:40 pm[22m [31m[1m[vite][22m[39m [31mhttp proxy error: /api/poc/policies[39m
AggregateError [ECONNREFUSED]: 
    at internalConnectMultiple (node:net:1339:18)
    at afterConnectMultiple (node:net:1942:7)
[2m3:38:50 pm[22m [31m[1m[vite][22m[39m [31mhttp proxy error: /actuator/health[39m
AggregateError [ECONNREFUSED]: 
    at internalConnectMultiple (node:net:1339:18)
    at afterConnectMultiple (node:net:1942:7)
[2m3:38:50 pm[22m [31m[1m[vite][22m[39m [31mhttp proxy error: /actuator/metrics/ratelimit.requests[39m
AggregateError [ECONNREFUSED]: 
    at internalConnectMultiple (node:net:1339:18)
    at afterConnectMultiple (node:net:1942:7)
[2m3:38:50 pm[22m [31m[1m[vite][22m[39m [31mhttp proxy error: /api/poc/policies[39m
AggregateError [ECONNREFUSED]: 
    at internalConnectMultiple (node:net:1339:18)
    at afterConnectMultiple (node:net:1942:7)
[2m3:39:00 pm[22m [31m[1m[vite][22m[39m [31mhttp proxy error: /actuator/health[39m
AggregateError [ECONNREFUSED]: 
    at internalConnectMultiple (node:net:1339:18)
    at afterConnectMultiple (node:net:1942:7)
[2m3:39:00 pm[22m [31m[1m[vite][22m[39m [31mhttp proxy error: /actuator/metrics/ratelimit.requests[39m
AggregateError [ECONNREFUSED]: 
    at internalConnectMultiple (node:net:1339:18)
    at afterConnectMultiple (node:net:1942:7)
[2m3:39:00 pm[22m [31m[1m[vite][22m[39m [31mhttp proxy error: /api/poc/policies[39m
AggregateError [ECONNREFUSED]: 
    at internalConnectMultiple (node:net:1339:18)
    at afterConnectMultiple (node:net:1942:7)
[2m3:39:10 pm[22m [31m[1m[vite][22m[39m [31mhttp proxy error: /actuator/health[39m
AggregateError [ECONNREFUSED]: 
    at internalConnectMultiple (node:net:1339:18)
    at afterConnectMultiple (node:net:1942:7)
[2m3:39:10 pm[22m [31m[1m[vite][22m[39m [31mhttp proxy error: /actuator/metrics/ratelimit.requests[39m
AggregateError [ECONNREFUSED]: 
    at internalConnectMultiple (node:net:1339:18)
    at afterConnectMultiple (node:net:1942:7)
[2m3:39:10 pm[22m [31m[1m[vite][22m[39m [31mhttp proxy error: /api/poc/policies[39m
AggregateError [ECONNREFUSED]: 
    at internalConnectMultiple (node:net:1339:18)
    at afterConnectMultiple (node:net:1942:7)
[2m3:39:20 pm[22m [31m[1m[vite][22m[39m [31mhttp proxy error: /actuator/health[39m
AggregateError [ECONNREFUSED]: 
    at internalConnectMultiple (node:net:1339:18)
    at afterConnectMultiple (node:net:1942:7)
[2m3:39:20 pm[22m [31m[1m[vite][22m[39m [31mhttp proxy error: /actuator/metrics/ratelimit.requests[39m
AggregateError [ECONNREFUSED]: 
    at internalConnectMultiple (node:net:1339:18)
    at afterConnectMultiple (node:net:1942:7)
[2m3:39:20 pm[22m [31m[1m[vite][22m[39m [31mhttp proxy error: /api/poc/policies[39m
AggregateError [ECONNREFUSED]: 
    at internalConnectMultiple (node:net:1339:18)
    at afterConnectMultiple (node:net:1942:7)
[2m3:39:30 pm[22m [31m[1m[vite][22m[39m [31mhttp proxy error: /actuator/health[39m
AggregateError [ECONNREFUSED]: 
    at internalConnectMultiple (node:net:1339:18)
    at afterConnectMultiple (node:net:1942:7)
[2m3:39:30 pm[22m [31m[1m[vite][22m[39m [31mhttp proxy error: /actuator/metrics/ratelimit.requests[39m
AggregateError [ECONNREFUSED]: 
    at internalConnectMultiple (node:net:1339:18)
    at afterConnectMultiple (node:net:1942:7)
[2m3:39:30 pm[22m [31m[1m[vite][22m[39m [31mhttp proxy error: /api/poc/policies[39m
AggregateError [ECONNREFUSED]: 
    at internalConnectMultiple (node:net:1339:18)
    at afterConnectMultiple (node:net:1942:7)
[2m3:39:40 pm[22m [31m[1m[vite][22m[39m [31mhttp proxy error: /actuator/health[39m
AggregateError [ECONNREFUSED]: 
    at internalConnectMultiple (node:net:1339:18)
    at afterConnectMultiple (node:net:1942:7)
[2m3:39:40 pm[22m [31m[1m[vite][22m[39m [31mhttp proxy error: /actuator/metrics/ratelimit.requests[39m
AggregateError [ECONNREFUSED]: 
    at internalConnectMultiple (node:net:1339:18)
    at afterConnectMultiple (node:net:1942:7)
[2m3:39:40 pm[22m [31m[1m[vite][22m[39m [31mhttp proxy error: /api/poc/policies[39m
AggregateError [ECONNREFUSED]: 
    at internalConnectMultiple (node:net:1339:18)
    at afterConnectMultiple (node:net:1942:7)
[2m3:39:50 pm[22m [31m[1m[vite][22m[39m [31mhttp proxy error: /actuator/health[39m
AggregateError [ECONNREFUSED]: 
    at internalConnectMultiple (node:net:1339:18)
    at afterConnectMultiple (node:net:1942:7)
[2m3:39:50 pm[22m [31m[1m[vite][22m[39m [31mhttp proxy error: /actuator/metrics/ratelimit.requests[39m
AggregateError [ECONNREFUSED]: 
    at internalConnectMultiple (node:net:1339:18)
    at afterConnectMultiple (node:net:1942:7)
[2m3:39:50 pm[22m [31m[1m[vite][22m[39m [31mhttp proxy error: /api/poc/policies[39m
AggregateError [ECONNREFUSED]: 
    at internalConnectMultiple (node:net:1339:18)
    at afterConnectMultiple (node:net:1942:7)
[2m3:40:00 pm[22m [31m[1m[vite][22m[39m [31mhttp proxy error: /actuator/health[39m
AggregateError [ECONNREFUSED]: 
    at internalConnectMultiple (node:net:1339:18)
    at afterConnectMultiple (node:net:1942:7)
[2m3:40:00 pm[22m [31m[1m[vite][22m[39m [31mhttp proxy error: /actuator/metrics/ratelimit.requests[39m
AggregateError [ECONNREFUSED]: 
    at internalConnectMultiple (node:net:1339:18)
    at afterConnectMultiple (node:net:1942:7)
[2m3:40:00 pm[22m [31m[1m[vite][22m[39m [31mhttp proxy error: /api/poc/policies[39m
AggregateError [ECONNREFUSED]: 
    at internalConnectMultiple (node:net:1339:18)
    at afterConnectMultiple (node:net:1942:7)
[2m3:40:10 pm[22m [31m[1m[vite][22m[39m [31mhttp proxy error: /actuator/health[39m
AggregateError [ECONNREFUSED]: 
    at internalConnectMultiple (node:net:1339:18)
    at afterConnectMultiple (node:net:1942:7)
[2m3:40:10 pm[22m [31m[1m[vite][22m[39m [31mhttp proxy error: /actuator/metrics/ratelimit.requests[39m
AggregateError [ECONNREFUSED]: 
    at internalConnectMultiple (node:net:1339:18)
    at afterConnectMultiple (node:net:1942:7)
[2m3:40:10 pm[22m [31m[1m[vite][22m[39m [31mhttp proxy error: /api/poc/policies[39m
AggregateError [ECONNREFUSED]: 
    at internalConnectMultiple (node:net:1339:18)
    at afterConnectMultiple (node:net:1942:7)
[2m3:40:20 pm[22m [31m[1m[vite][22m[39m [31mhttp proxy error: /actuator/health[39m
AggregateError [ECONNREFUSED]: 
    at internalConnectMultiple (node:net:1339:18)
    at afterConnectMultiple (node:net:1942:7)
[2m3:40:20 pm[22m [31m[1m[vite][22m[39m [31mhttp proxy error: /actuator/metrics/ratelimit.requests[39m
AggregateError [ECONNREFUSED]: 
    at internalConnectMultiple (node:net:1339:18)
    at afterConnectMultiple (node:net:1942:7)
[2m3:40:20 pm[22m [31m[1m[vite][22m[39m [31mhttp proxy error: /api/poc/policies[39m
AggregateError [ECONNREFUSED]: 
    at internalConnectMultiple (node:net:1339:18)
    at afterConnectMultiple (node:net:1942:7)
[2m3:40:30 pm[22m [31m[1m[vite][22m[39m [31mhttp proxy error: /actuator/health[39m
AggregateError [ECONNREFUSED]: 
    at internalConnectMultiple (node:net:1339:18)
    at afterConnectMultiple (node:net:1942:7)
[2m3:40:30 pm[22m [31m[1m[vite][22m[39m [31mhttp proxy error: /actuator/metrics/ratelimit.requests[39m
AggregateError [ECONNREFUSED]: 
    at internalConnectMultiple (node:net:1339:18)
    at afterConnectMultiple (node:net:1942:7)
[2m3:40:30 pm[22m [31m[1m[vite][22m[39m [31mhttp proxy error: /api/poc/policies[39m
AggregateError [ECONNREFUSED]: 
    at internalConnectMultiple (node:net:1339:18)
    at afterConnectMultiple (node:net:1942:7)
[2m3:40:40 pm[22m [31m[1m[vite][22m[39m [31mhttp proxy error: /actuator/health[39m
AggregateError [ECONNREFUSED]: 
    at internalConnectMultiple (node:net:1339:18)
    at afterConnectMultiple (node:net:1942:7)
[2m3:40:40 pm[22m [31m[1m[vite][22m[39m [31mhttp proxy error: /actuator/metrics/ratelimit.requests[39m
AggregateError [ECONNREFUSED]: 
    at internalConnectMultiple (node:net:1339:18)
    at afterConnectMultiple (node:net:1942:7)
[2m3:40:40 pm[22m [31m[1m[vite][22m[39m [31mhttp proxy error: /api/poc/policies[39m
AggregateError [ECONNREFUSED]: 
    at internalConnectMultiple (node:net:1339:18)
    at afterConnectMultiple (node:net:1942:7)
[2m3:40:50 pm[22m [31m[1m[vite][22m[39m [31mhttp proxy error: /actuator/health[39m
AggregateError [ECONNREFUSED]: 
    at internalConnectMultiple (node:net:1339:18)
    at afterConnectMultiple (node:net:1942:7)
[2m3:40:50 pm[22m [31m[1m[vite][22m[39m [31mhttp proxy error: /actuator/metrics/ratelimit.requests[39m
AggregateError [ECONNREFUSED]: 
    at internalConnectMultiple (node:net:1339:18)
    at afterConnectMultiple (node:net:1942:7)
[2m3:40:50 pm[22m [31m[1m[vite][22m[39m [31mhttp proxy error: /api/poc/policies[39m
AggregateError [ECONNREFUSED]: 
    at internalConnectMultiple (node:net:1339:18)
    at afterConnectMultiple (node:net:1942:7)
[2m3:41:00 pm[22m [31m[1m[vite][22m[39m [31mhttp proxy error: /actuator/health[39m
AggregateError [ECONNREFUSED]: 
    at internalConnectMultiple (node:net:1339:18)
    at afterConnectMultiple (node:net:1942:7)
[2m3:41:00 pm[22m [31m[1m[vite][22m[39m [31mhttp proxy error: /actuator/metrics/ratelimit.requests[39m
AggregateError [ECONNREFUSED]: 
    at internalConnectMultiple (node:net:1339:18)
    at afterConnectMultiple (node:net:1942:7)
[2m3:41:00 pm[22m [31m[1m[vite][22m[39m [31mhttp proxy error: /api/poc/policies[39m
AggregateError [ECONNREFUSED]: 
    at internalConnectMultiple (node:net:1339:18)
    at afterConnectMultiple (node:net:1942:7)
[2m3:41:10 pm[22m [31m[1m[vite][22m[39m [31mhttp proxy error: /actuator/health[39m
AggregateError [ECONNREFUSED]: 
    at internalConnectMultiple (node:net:1339:18)
    at afterConnectMultiple (node:net:1942:7)
[2m3:41:10 pm[22m [31m[1m[vite][22m[39m [31mhttp proxy error: /actuator/metrics/ratelimit.requests[39m
AggregateError [ECONNREFUSED]: 
    at internalConnectMultiple (node:net:1339:18)
    at afterConnectMultiple (node:net:1942:7)
[2m3:41:10 pm[22m [31m[1m[vite][22m[39m [31mhttp proxy error: /api/poc/policies[39m
AggregateError [ECONNREFUSED]: 
    at internalConnectMultiple (node:net:1339:18)
    at afterConnectMultiple (node:net:1942:7)
[2m3:41:20 pm[22m [31m[1m[vite][22m[39m [31mhttp proxy error: /actuator/health[39m
AggregateError [ECONNREFUSED]: 
    at internalConnectMultiple (node:net:1339:18)
    at afterConnectMultiple (node:net:1942:7)
[2m3:41:20 pm[22m [31m[1m[vite][22m[39m [31mhttp proxy error: /actuator/metrics/ratelimit.requests[39m
AggregateError [ECONNREFUSED]: 
    at internalConnectMultiple (node:net:1339:18)
    at afterConnectMultiple (node:net:1942:7)
[2m3:41:20 pm[22m [31m[1m[vite][22m[39m [31mhttp proxy error: /api/poc/policies[39m
AggregateError [ECONNREFUSED]: 
    at internalConnectMultiple (node:net:1339:18)
    at afterConnectMultiple (node:net:1942:7)
[2m3:41:30 pm[22m [31m[1m[vite][22m[39m [31mhttp proxy error: /actuator/health[39m
AggregateError [ECONNREFUSED]: 
    at internalConnectMultiple (node:net:1339:18)
    at afterConnectMultiple (node:net:1942:7)
[2m3:41:30 pm[22m [31m[1m[vite][22m[39m [31mhttp proxy error: /actuator/metrics/ratelimit.requests[39m
AggregateError [ECONNREFUSED]: 
    at internalConnectMultiple (node:net:1339:18)
    at afterConnectMultiple (node:net:1942:7)
[2m3:41:30 pm[22m [31m[1m[vite][22m[39m [31mhttp proxy error: /api/poc/policies[39m
AggregateError [ECONNREFUSED]: 
    at internalConnectMultiple (node:net:1339:18)
    at afterConnectMultiple (node:net:1942:7)
[2m3:41:40 pm[22m [31m[1m[vite][22m[39m [31mhttp proxy error: /actuator/health[39m
AggregateError [ECONNREFUSED]: 
    at internalConnectMultiple (node:net:1339:18)
    at afterConnectMultiple (node:net:1942:7)
[2m3:41:40 pm[22m [31m[1m[vite][22m[39m [31mhttp proxy error: /actuator/metrics/ratelimit.requests[39m
AggregateError [ECONNREFUSED]: 
    at internalConnectMultiple (node:net:1339:18)
    at afterConnectMultiple (node:net:1942:7)
[2m3:41:40 pm[22m [31m[1m[vite][22m[39m [31mhttp proxy error: /api/poc/policies[39m
AggregateError [ECONNREFUSED]: 
    at internalConnectMultiple (node:net:1339:18)
    at afterConnectMultiple (node:net:1942:7)
[2m3:41:50 pm[22m [31m[1m[vite][22m[39m [31mhttp proxy error: /actuator/health[39m
AggregateError [ECONNREFUSED]: 
    at internalConnectMultiple (node:net:1339:18)
    at afterConnectMultiple (node:net:1942:7)
[2m3:41:50 pm[22m [31m[1m[vite][22m[39m [31mhttp proxy error: /actuator/metrics/ratelimit.requests[39m
AggregateError [ECONNREFUSED]: 
    at internalConnectMultiple (node:net:1339:18)
    at afterConnectMultiple (node:net:1942:7)
[2m3:41:50 pm[22m [31m[1m[vite][22m[39m [31mhttp proxy error: /api/poc/policies[39m
AggregateError [ECONNREFUSED]: 
    at internalConnectMultiple (node:net:1339:18)
    at afterConnectMultiple (node:net:1942:7)
[2m3:42:00 pm[22m [31m[1m[vite][22m[39m [31mhttp proxy error: /actuator/health[39m
AggregateError [ECONNREFUSED]: 
    at internalConnectMultiple (node:net:1339:18)
    at afterConnectMultiple (node:net:1942:7)
[2m3:42:00 pm[22m [31m[1m[vite][22m[39m [31mhttp proxy error: /actuator/metrics/ratelimit.requests[39m
AggregateError [ECONNREFUSED]: 
    at internalConnectMultiple (node:net:1339:18)
    at afterConnectMultiple (node:net:1942:7)
[2m3:42:00 pm[22m [31m[1m[vite][22m[39m [31mhttp proxy error: /api/poc/policies[39m
AggregateError [ECONNREFUSED]: 
    at internalConnectMultiple (node:net:1339:18)
    at afterConnectMultiple (node:net:1942:7)
[2m3:42:10 pm[22m [31m[1m[vite][22m[39m [31mhttp proxy error: /actuator/health[39m
AggregateError [ECONNREFUSED]: 
    at internalConnectMultiple (node:net:1339:18)
    at afterConnectMultiple (node:net:1942:7)
[2m3:42:10 pm[22m [31m[1m[vite][22m[39m [31mhttp proxy error: /actuator/metrics/ratelimit.requests[39m
AggregateError [ECONNREFUSED]: 
    at internalConnectMultiple (node:net:1339:18)
    at afterConnectMultiple (node:net:1942:7)
[2m3:42:10 pm[22m [31m[1m[vite][22m[39m [31mhttp proxy error: /api/poc/policies[39m
AggregateError [ECONNREFUSED]: 
    at internalConnectMultiple (node:net:1339:18)
    at afterConnectMultiple (node:net:1942:7)
[2m3:42:20 pm[22m [31m[1m[vite][22m[39m [31mhttp proxy error: /actuator/health[39m
AggregateError [ECONNREFUSED]: 
    at internalConnectMultiple (node:net:1339:18)
    at afterConnectMultiple (node:net:1942:7)
[2m3:42:20 pm[22m [31m[1m[vite][22m[39m [31mhttp proxy error: /actuator/metrics/ratelimit.requests[39m
AggregateError [ECONNREFUSED]: 
    at internalConnectMultiple (node:net:1339:18)
    at afterConnectMultiple (node:net:1942:7)
[2m3:42:20 pm[22m [31m[1m[vite][22m[39m [31mhttp proxy error: /api/poc/policies[39m
AggregateError [ECONNREFUSED]: 
    at internalConnectMultiple (node:net:1339:18)
    at afterConnectMultiple (node:net:1942:7)
[2m3:42:30 pm[22m [31m[1m[vite][22m[39m [31mhttp proxy error: /actuator/health[39m
AggregateError [ECONNREFUSED]: 
    at internalConnectMultiple (node:net:1339:18)
    at afterConnectMultiple (node:net:1942:7)
[2m3:42:30 pm[22m [31m[1m[vite][22m[39m [31mhttp proxy error: /actuator/metrics/ratelimit.requests[39m
AggregateError [ECONNREFUSED]: 
    at internalConnectMultiple (node:net:1339:18)
    at afterConnectMultiple (node:net:1942:7)
[2m3:42:30 pm[22m [31m[1m[vite][22m[39m [31mhttp proxy error: /api/poc/policies[39m
AggregateError [ECONNREFUSED]: 
    at internalConnectMultiple (node:net:1339:18)
    at afterConnectMultiple (node:net:1942:7)
[2m3:42:40 pm[22m [31m[1m[vite][22m[39m [31mhttp proxy error: /actuator/health[39m
AggregateError [ECONNREFUSED]: 
    at internalConnectMultiple (node:net:1339:18)
    at afterConnectMultiple (node:net:1942:7)
[2m3:42:40 pm[22m [31m[1m[vite][22m[39m [31mhttp proxy error: /actuator/metrics/ratelimit.requests[39m
AggregateError [ECONNREFUSED]: 
    at internalConnectMultiple (node:net:1339:18)
    at afterConnectMultiple (node:net:1942:7)
[2m3:42:40 pm[22m [31m[1m[vite][22m[39m [31mhttp proxy error: /api/poc/policies[39m
AggregateError [ECONNREFUSED]: 
    at internalConnectMultiple (node:net:1339:18)
    at afterConnectMultiple (node:net:1942:7)
[2m3:42:45 pm[22m [31m[1m[vite][22m[39m [31mhttp proxy error: /actuator/health[39m
AggregateError [ECONNREFUSED]: 
    at internalConnectMultiple (node:net:1339:18)
    at afterConnectMultiple (node:net:1942:7)
[2m3:42:45 pm[22m [31m[1m[vite][22m[39m [31mhttp proxy error: /actuator/metrics/ratelimit.requests[39m
AggregateError [ECONNREFUSED]: 
    at internalConnectMultiple (node:net:1339:18)
    at afterConnectMultiple (node:net:1942:7)
[2m3:42:45 pm[22m [31m[1m[vite][22m[39m [31mhttp proxy error: /api/poc/policies[39m
AggregateError [ECONNREFUSED]: 
    at internalConnectMultiple (node:net:1339:18)
    at afterConnectMultiple (node:net:1942:7)
[2m3:42:50 pm[22m [31m[1m[vite][22m[39m [31mhttp proxy error: /actuator/health[39m
AggregateError [ECONNREFUSED]: 
    at internalConnectMultiple (node:net:1339:18)
    at afterConnectMultiple (node:net:1942:7)
[2m3:42:50 pm[22m [31m[1m[vite][22m[39m [31mhttp proxy error: /actuator/metrics/ratelimit.requests[39m
AggregateError [ECONNREFUSED]: 
    at internalConnectMultiple (node:net:1339:18)
    at afterConnectMultiple (node:net:1942:7)
[2m3:42:50 pm[22m [31m[1m[vite][22m[39m [31mhttp proxy error: /api/poc/policies[39m
AggregateError [ECONNREFUSED]: 
    at internalConnectMultiple (node:net:1339:18)
    at afterConnectMultiple (node:net:1942:7)
[2m3:42:51 pm[22m [31m[1m[vite][22m[39m [31mhttp proxy error: /actuator/health[39m
AggregateError [ECONNREFUSED]: 
    at internalConnectMultiple (node:net:1339:18)
    at afterConnectMultiple (node:net:1942:7)
[2m3:42:51 pm[22m [31m[1m[vite][22m[39m [31mhttp proxy error: /actuator/metrics/ratelimit.requests[39m
AggregateError [ECONNREFUSED]: 
    at internalConnectMultiple (node:net:1339:18)
    at afterConnectMultiple (node:net:1942:7)
[2m3:42:51 pm[22m [31m[1m[vite][22m[39m [31mhttp proxy error: /api/poc/policies[39m
AggregateError [ECONNREFUSED]: 
    at internalConnectMultiple (node:net:1339:18)
    at afterConnectMultiple (node:net:1942:7)
[2m3:43:01 pm[22m [31m[1m[vite][22m[39m [31mhttp proxy error: /actuator/health[39m
AggregateError [ECONNREFUSED]: 
    at internalConnectMultiple (node:net:1339:18)
    at afterConnectMultiple (node:net:1942:7)
[2m3:43:01 pm[22m [31m[1m[vite][22m[39m [31mhttp proxy error: /actuator/metrics/ratelimit.requests[39m
AggregateError [ECONNREFUSED]: 
    at internalConnectMultiple (node:net:1339:18)
    at afterConnectMultiple (node:net:1942:7)
[2m3:43:01 pm[22m [31m[1m[vite][22m[39m [31mhttp proxy error: /api/poc/policies[39m
AggregateError [ECONNREFUSED]: 
    at internalConnectMultiple (node:net:1339:18)
    at afterConnectMultiple (node:net:1942:7)
[2m3:43:01 pm[22m [31m[1m[vite][22m[39m [31mhttp proxy error: /actuator/health[39m
AggregateError [ECONNREFUSED]: 
    at internalConnectMultiple (node:net:1339:18)
    at afterConnectMultiple (node:net:1942:7)
[2m3:43:01 pm[22m [31m[1m[vite][22m[39m [31mhttp proxy error: /actuator/metrics/ratelimit.requests[39m
AggregateError [ECONNREFUSED]: 
    at internalConnectMultiple (node:net:1339:18)
    at afterConnectMultiple (node:net:1942:7)
[2m3:43:01 pm[22m [31m[1m[vite][22m[39m [31mhttp proxy error: /api/poc/policies[39m
AggregateError [ECONNREFUSED]: 
    at internalConnectMultiple (node:net:1339:18)
    at afterConnectMultiple (node:net:1942:7)
[2m3:43:10 pm[22m [31m[1m[vite][22m[39m [31mhttp proxy error: /actuator/health[39m
AggregateError [ECONNREFUSED]: 
    at internalConnectMultiple (node:net:1339:18)
    at afterConnectMultiple (node:net:1942:7)
[2m3:43:10 pm[22m [31m[1m[vite][22m[39m [31mhttp proxy error: /actuator/metrics/ratelimit.requests[39m
AggregateError [ECONNREFUSED]: 
    at internalConnectMultiple (node:net:1339:18)
    at afterConnectMultiple (node:net:1942:7)
[2m3:43:10 pm[22m [31m[1m[vite][22m[39m [31mhttp proxy error: /api/poc/policies[39m
AggregateError [ECONNREFUSED]: 
    at internalConnectMultiple (node:net:1339:18)
    at afterConnectMultiple (node:net:1942:7)
[2m3:43:11 pm[22m [31m[1m[vite][22m[39m [31mhttp proxy error: /actuator/health[39m
AggregateError [ECONNREFUSED]: 
    at internalConnectMultiple (node:net:1339:18)
    at afterConnectMultiple (node:net:1942:7)
[2m3:43:11 pm[22m [31m[1m[vite][22m[39m [31mhttp proxy error: /actuator/metrics/ratelimit.requests[39m
AggregateError [ECONNREFUSED]: 
    at internalConnectMultiple (node:net:1339:18)
    at afterConnectMultiple (node:net:1942:7)
[2m3:43:11 pm[22m [31m[1m[vite][22m[39m [31mhttp proxy error: /api/poc/policies[39m
AggregateError [ECONNREFUSED]: 
    at internalConnectMultiple (node:net:1339:18)
    at afterConnectMultiple (node:net:1942:7)
[2m3:43:20 pm[22m [31m[1m[vite][22m[39m [31mhttp proxy error: /actuator/health[39m
AggregateError [ECONNREFUSED]: 
    at internalConnectMultiple (node:net:1339:18)
    at afterConnectMultiple (node:net:1942:7)
[2m3:43:20 pm[22m [31m[1m[vite][22m[39m [31mhttp proxy error: /actuator/metrics/ratelimit.requests[39m
AggregateError [ECONNREFUSED]: 
    at internalConnectMultiple (node:net:1339:18)
    at afterConnectMultiple (node:net:1942:7)
[2m3:43:20 pm[22m [31m[1m[vite][22m[39m [31mhttp proxy error: /api/poc/policies[39m
AggregateError [ECONNREFUSED]: 
    at internalConnectMultiple (node:net:1339:18)
    at afterConnectMultiple (node:net:1942:7)
[2m3:43:21 pm[22m [31m[1m[vite][22m[39m [31mhttp proxy error: /actuator/health[39m
AggregateError [ECONNREFUSED]: 
    at internalConnectMultiple (node:net:1339:18)
    at afterConnectMultiple (node:net:1942:7)
[2m3:43:21 pm[22m [31m[1m[vite][22m[39m [31mhttp proxy error: /actuator/metrics/ratelimit.requests[39m
AggregateError [ECONNREFUSED]: 
    at internalConnectMultiple (node:net:1339:18)
    at afterConnectMultiple (node:net:1942:7)
[2m3:43:21 pm[22m [31m[1m[vite][22m[39m [31mhttp proxy error: /api/poc/policies[39m
AggregateError [ECONNREFUSED]: 
    at internalConnectMultiple (node:net:1339:18)
    at afterConnectMultiple (node:net:1942:7)
[2m3:43:30 pm[22m [31m[1m[vite][22m[39m [31mhttp proxy error: /actuator/health[39m
AggregateError [ECONNREFUSED]: 
    at internalConnectMultiple (node:net:1339:18)
    at afterConnectMultiple (node:net:1942:7)
[2m3:43:30 pm[22m [31m[1m[vite][22m[39m [31mhttp proxy error: /actuator/metrics/ratelimit.requests[39m
AggregateError [ECONNREFUSED]: 
    at internalConnectMultiple (node:net:1339:18)
    at afterConnectMultiple (node:net:1942:7)
[2m3:43:30 pm[22m [31m[1m[vite][22m[39m [31mhttp proxy error: /api/poc/policies[39m
AggregateError [ECONNREFUSED]: 
    at internalConnectMultiple (node:net:1339:18)
    at afterConnectMultiple (node:net:1942:7)
[2m3:43:30 pm[22m [31m[1m[vite][22m[39m [31mhttp proxy error: /actuator/health[39m
AggregateError [ECONNREFUSED]: 
    at internalConnectMultiple (node:net:1339:18)
    at afterConnectMultiple (node:net:1942:7)
[2m3:43:30 pm[22m [31m[1m[vite][22m[39m [31mhttp proxy error: /actuator/metrics/ratelimit.requests[39m
AggregateError [ECONNREFUSED]: 
    at internalConnectMultiple (node:net:1339:18)
    at afterConnectMultiple (node:net:1942:7)
[2m3:43:30 pm[22m [31m[1m[vite][22m[39m [31mhttp proxy error: /api/poc/policies[39m
AggregateError [ECONNREFUSED]: 
    at internalConnectMultiple (node:net:1339:18)
    at afterConnectMultiple (node:net:1942:7)
[2m3:43:30 pm[22m [31m[1m[vite][22m[39m [31mhttp proxy error: /actuator/health[39m
AggregateError [ECONNREFUSED]: 
    at internalConnectMultiple (node:net:1339:18)
    at afterConnectMultiple (node:net:1942:7)
[2m3:43:30 pm[22m [31m[1m[vite][22m[39m [31mhttp proxy error: /actuator/metrics/ratelimit.requests[39m
AggregateError [ECONNREFUSED]: 
    at internalConnectMultiple (node:net:1339:18)
    at afterConnectMultiple (node:net:1942:7)
[2m3:43:30 pm[22m [31m[1m[vite][22m[39m [31mhttp proxy error: /api/poc/policies[39m
AggregateError [ECONNREFUSED]: 
    at internalConnectMultiple (node:net:1339:18)
    at afterConnectMultiple (node:net:1942:7)
[2m3:43:32 pm[22m [31m[1m[vite][22m[39m [31mhttp proxy error: /actuator/health[39m
AggregateError [ECONNREFUSED]: 
    at internalConnectMultiple (node:net:1339:18)
    at afterConnectMultiple (node:net:1942:7)
[2m3:43:32 pm[22m [31m[1m[vite][22m[39m [31mhttp proxy error: /actuator/metrics/ratelimit.requests[39m
AggregateError [ECONNREFUSED]: 
    at internalConnectMultiple (node:net:1339:18)
    at afterConnectMultiple (node:net:1942:7)
[2m3:43:32 pm[22m [31m[1m[vite][22m[39m [31mhttp proxy error: /api/poc/policies[39m
AggregateError [ECONNREFUSED]: 
    at internalConnectMultiple (node:net:1339:18)
    at afterConnectMultiple (node:net:1942:7)
[2m3:43:32 pm[22m [31m[1m[vite][22m[39m [31mhttp proxy error: /actuator/health[39m
AggregateError [ECONNREFUSED]: 
    at internalConnectMultiple (node:net:1339:18)
    at afterConnectMultiple (node:net:1942:7)
[2m3:43:32 pm[22m [31m[1m[vite][22m[39m [31mhttp proxy error: /actuator/metrics/ratelimit.requests[39m
AggregateError [ECONNREFUSED]: 
    at internalConnectMultiple (node:net:1339:18)
    at afterConnectMultiple (node:net:1942:7)
[2m3:43:32 pm[22m [31m[1m[vite][22m[39m [31mhttp proxy error: /api/poc/policies[39m
AggregateError [ECONNREFUSED]: 
    at internalConnectMultiple (node:net:1339:18)
    at afterConnectMultiple (node:net:1942:7)
[2m3:43:33 pm[22m [31m[1m[vite][22m[39m [31mhttp proxy error: /actuator/health[39m
AggregateError [ECONNREFUSED]: 
    at internalConnectMultiple (node:net:1339:18)
    at afterConnectMultiple (node:net:1942:7)
[2m3:43:33 pm[22m [31m[1m[vite][22m[39m [31mhttp proxy error: /actuator/metrics/ratelimit.requests[39m
AggregateError [ECONNREFUSED]: 
    at internalConnectMultiple (node:net:1339:18)
    at afterConnectMultiple (node:net:1942:7)
[2m3:43:33 pm[22m [31m[1m[vite][22m[39m [31mhttp proxy error: /api/poc/policies[39m
AggregateError [ECONNREFUSED]: 
    at internalConnectMultiple (node:net:1339:18)
    at afterConnectMultiple (node:net:1942:7)
[2m3:43:33 pm[22m [31m[1m[vite][22m[39m [31mhttp proxy error: /actuator/health[39m
AggregateError [ECONNREFUSED]: 
    at internalConnectMultiple (node:net:1339:18)
    at afterConnectMultiple (node:net:1942:7)
[2m3:43:33 pm[22m [31m[1m[vite][22m[39m [31mhttp proxy error: /actuator/metrics/ratelimit.requests[39m
AggregateError [ECONNREFUSED]: 
    at internalConnectMultiple (node:net:1339:18)
    at afterConnectMultiple (node:net:1942:7)
[2m3:43:33 pm[22m [31m[1m[vite][22m[39m [31mhttp proxy error: /api/poc/policies[39m
AggregateError [ECONNREFUSED]: 
    at internalConnectMultiple (node:net:1339:18)
    at afterConnectMultiple (node:net:1942:7)
[31mX [41;31m[[41;97mERROR[41;31m][0m [1mTS2339: Property 'liveLimit' does not exist on type 'RequestDemoComponent'.[0m [1m[35m[plugin angular-compiler][0m

    C:/Users/Vinaykumar.R/Desktop/Redis API Rate Limiting and DDoS Protection POC/frontend/src/app/features/request-demo/request-demo.component.html:126:19:
[37m      126 │               @if ([32mliveLimit[37m() > 0) {
          ╵                    [32m~~~~~~~~~[0m

  Error occurs in the template of component RequestDemoComponent.

    C:/Users/Vinaykumar.R/Desktop/Redis API Rate Limiting and DDoS Protection POC/frontend/src/app/features/request-demo/request-demo.component.ts:14:15:
[37m      14 │   templateUrl: [32m'./request-demo.component.html'[37m,
         ╵                [32m~~~~~~~~~~~~~~~~~~~~~~~~~~~~~~~[0m


[31mX [41;31m[[41;97mERROR[41;31m][0m [1mTS2339: Property 'liveLimit' does not exist on type 'RequestDemoComponent'.[0m [1m[35m[plugin angular-compiler][0m

    C:/Users/Vinaykumar.R/Desktop/Redis API Rate Limiting and DDoS Protection POC/frontend/src/app/features/request-demo/request-demo.component.html:128:34:
[37m      128 │ ...           (Live limit: {{ [32mliveLimit[37m() }} per window; a differ...
          ╵                               [32m~~~~~~~~~[0m

  Error occurs in the template of component RequestDemoComponent.

    C:/Users/Vinaykumar.R/Desktop/Redis API Rate Limiting and DDoS Protection POC/frontend/src/app/features/request-demo/request-demo.component.ts:14:15:
[37m      14 │   templateUrl: [32m'./request-demo.component.html'[37m,
         ╵                [32m~~~~~~~~~~~~~~~~~~~~~~~~~~~~~~~[0m


[31mX [41;31m[[41;97mERROR[41;31m][0m [1mTS2339: Property 'liveLimit' does not exist on type 'RequestDemoComponent'.[0m [1m[35m[plugin angular-compiler][0m

    C:/Users/Vinaykumar.R/Desktop/Redis API Rate Limiting and DDoS Protection POC/frontend/src/app/features/request-demo/request-demo.component.html:133:19:
[37m      133 │               @if ([32mliveLimit[37m() > 0) {
          ╵                    [32m~~~~~~~~~[0m

  Error occurs in the template of component RequestDemoComponent.

    C:/Users/Vinaykumar.R/Desktop/Redis API Rate Limiting and DDoS Protection POC/frontend/src/app/features/request-demo/request-demo.component.ts:14:15:
[37m      14 │   templateUrl: [32m'./request-demo.component.html'[37m,
         ╵                [32m~~~~~~~~~~~~~~~~~~~~~~~~~~~~~~~[0m


[31mX [41;31m[[41;97mERROR[41;31m][0m [1mTS2339: Property 'liveLimit' does not exist on type 'RequestDemoComponent'.[0m [1m[35m[plugin angular-compiler][0m

    C:/Users/Vinaykumar.R/Desktop/Redis API Rate Limiting and DDoS Protection POC/frontend/src/app/features/request-demo/request-demo.component.html:134:60:
[37m      134 │ ...compare-note"> (Live limit: {{ [32mliveLimit[37m() }} per window.)</span>
          ╵                                   [32m~~~~~~~~~[0m

  Error occurs in the template of component RequestDemoComponent.

    C:/Users/Vinaykumar.R/Desktop/Redis API Rate Limiting and DDoS Protection POC/frontend/src/app/features/request-demo/request-demo.component.ts:14:15:
[37m      14 │   templateUrl: [32m'./request-demo.component.html'[37m,
         ╵                [32m~~~~~~~~~~~~~~~~~~~~~~~~~~~~~~~[0m


[31mX [41;31m[[41;97mERROR[41;31m][0m [1mTS2304: Cannot find name 'AdminStore'.[0m [1m[35m[plugin angular-compiler][0m

    C:/Users/Vinaykumar.R/Desktop/Redis API Rate Limiting and DDoS Protection POC/frontend/src/app/features/request-demo/request-demo.component.ts:20:39:
[37m      20 │   private readonly adminStore = inject([32mAdminStore[37m);
         ╵                                        [32m~~~~~~~~~~[0m


[31mX [41;31m[[41;97mERROR[41;31m][0m [1mTS2571: Object is of type 'unknown'.[0m [1m[35m[plugin angular-compiler][0m

    C:/Users/Vinaykumar.R/Desktop/Redis API Rate Limiting and DDoS Protection POC/frontend/src/app/features/request-demo/request-demo.component.ts:42:19:
[37m      42 │     const policy = [32mthis.adminStore[37m.policies().find(p =>
         ╵                    [32m~~~~~~~~~~~~~~~[0m


[31mX [41;31m[[41;97mERROR[41;31m][0m [1mTS7006: Parameter 'p' implicitly has an 'any' type.[0m [1m[35m[plugin angular-compiler][0m

    C:/Users/Vinaykumar.R/Desktop/Redis API Rate Limiting and DDoS Protection POC/frontend/src/app/features/request-demo/request-demo.component.ts:42:51:
[37m      42 │     const policy = this.adminStore.policies().find([32mp[37m =>
         ╵                                                    [32m^[0m


[31mX [41;31m[[41;97mERROR[41;31m][0m [1mTS2571: Object is of type 'unknown'.[0m [1m[35m[plugin angular-compiler][0m

    C:/Users/Vinaykumar.R/Desktop/Redis API Rate Limiting and DDoS Protection POC/frontend/src/app/features/request-demo/request-demo.component.ts:51:21:
[37m      51 │       const policy = [32mthis.adminStore[37m.policies().find(p =>
         ╵                      [32m~~~~~~~~~~~~~~~[0m


[31mX [41;31m[[41;97mERROR[41;31m][0m [1mTS7006: Parameter 'p' implicitly has an 'any' type.[0m [1m[35m[plugin angular-compiler][0m

    C:/Users/Vinaykumar.R/Desktop/Redis API Rate Limiting and DDoS Protection POC/frontend/src/app/features/request-demo/request-demo.component.ts:51:53:
[37m      51 │       const policy = this.adminStore.policies().find([32mp[37m =>
         ╵                                                      [32m^[0m


[31mX [41;31m[[41;97mERROR[41;31m][0m [1mTS2571: Object is of type 'unknown'.[0m [1m[35m[plugin angular-compiler][0m

    C:/Users/Vinaykumar.R/Desktop/Redis API Rate Limiting and DDoS Protection POC/frontend/src/app/features/request-demo/request-demo.component.ts:63:9:
[37m      63 │     if (![32mthis.adminStore[37m.loaded()) {
         ╵          [32m~~~~~~~~~~~~~~~[0m


[31mX [41;31m[[41;97mERROR[41;31m][0m [1mTS2571: Object is of type 'unknown'.[0m [1m[35m[plugin angular-compiler][0m

    C:/Users/Vinaykumar.R/Desktop/Redis API Rate Limiting and DDoS Protection POC/frontend/src/app/features/request-demo/request-demo.component.ts:64:11:
[37m      64 │       void [32mthis.adminStore[37m.load();
         ╵            [32m~~~~~~~~~~~~~~~[0m


[31mX [41;31m[[41;97mERROR[41;31m][0m [1mTS2571: Object is of type 'unknown'.[0m [1m[35m[plugin angular-compiler][0m

    C:/Users/Vinaykumar.R/Desktop/Redis API Rate Limiting and DDoS Protection POC/frontend/src/app/features/request-demo/request-demo.component.html:21:76:
[37m      21 │ ...mdash; limit {{ (adminStore.[32mpolicies[37m().find(p => p.method === r...
         ╵                                [32m~~~~~~~~[0m

  Error occurs in the template of component RequestDemoComponent.

    C:/Users/Vinaykumar.R/Desktop/Redis API Rate Limiting and DDoS Protection POC/frontend/src/app/features/request-demo/request-demo.component.ts:15:15:
[37m      15 │   templateUrl: [32m'./request-demo.component.html'[37m,
         ╵                [32m~~~~~~~~~~~~~~~~~~~~~~~~~~~~~~~[0m


[31mX [41;31m[[41;97mERROR[41;31m][0m [1mTS2339: Property 'adminStore' does not exist on type 'RequestDemoComponent'.[0m [1m[35m[plugin angular-compiler][0m

    C:/Users/Vinaykumar.R/Desktop/Redis API Rate Limiting and DDoS Protection POC/frontend/src/app/features/request-demo/request-demo.component.html:21:65:
[37m      21 │ ...label }} &mdash; limit {{ ([32madminStore[37m.policies().find(p => p.me...
         ╵                               [32m~~~~~~~~~~[0m

  Error occurs in the template of component RequestDemoComponent.

    C:/Users/Vinaykumar.R/Desktop/Redis API Rate Limiting and DDoS Protection POC/frontend/src/app/features/request-demo/request-demo.component.ts:14:15:
[37m      14 │   templateUrl: [32m'./request-demo.component.html'[37m,
         ╵                [32m~~~~~~~~~~~~~~~~~~~~~~~~~~~~~~~[0m


[31mX [41;31m[[41;97mERROR[41;31m][0m [1mTS2339: Property 'adminStore' does not exist on type 'RequestDemoComponent'.[0m [1m[35m[plugin angular-compiler][0m

    C:/Users/Vinaykumar.R/Desktop/Redis API Rate Limiting and DDoS Protection POC/frontend/src/app/features/request-demo/request-demo.component.html:21:65:
[37m      21 │ ...label }} &mdash; limit {{ ([32madminStore[37m.policies().find(p => p.me...
         ╵                               [32m~~~~~~~~~~[0m

  Error occurs in the template of component RequestDemoComponent.

    C:/Users/Vinaykumar.R/Desktop/Redis API Rate Limiting and DDoS Protection POC/frontend/src/app/features/request-demo/request-demo.component.ts:14:15:
[37m      14 │   templateUrl: [32m'./request-demo.component.html'[37m,
         ╵                [32m~~~~~~~~~~~~~~~~~~~~~~~~~~~~~~~[0m


[31mX [41;31m[[41;97mERROR[41;31m][0m [1mTS2339: Property 'adminStore' does not exist on type 'RequestDemoComponent'.[0m [1m[35m[plugin angular-compiler][0m

    C:/Users/Vinaykumar.R/Desktop/Redis API Rate Limiting and DDoS Protection POC/frontend/src/app/features/request-demo/request-demo.component.html:21:65:
[37m      21 │ ...label }} &mdash; limit {{ ([32madminStore[37m.policies().find(p => p.me...
         ╵                               [32m~~~~~~~~~~[0m

  Error occurs in the template of component RequestDemoComponent.

    C:/Users/Vinaykumar.R/Desktop/Redis API Rate Limiting and DDoS Protection POC/frontend/src/app/features/request-demo/request-demo.component.ts:14:15:
[37m      14 │   templateUrl: [32m'./request-demo.component.html'[37m,
         ╵                [32m~~~~~~~~~~~~~~~~~~~~~~~~~~~~~~~[0m


[31mX [41;31m[[41;97mERROR[41;31m][0m [1mTS2339: Property 'tier' does not exist on type 'AdminPolicy'.[0m [1m[35m[plugin angular-compiler][0m

    C:/Users/Vinaykumar.R/Desktop/Redis API Rate Limiting and DDoS Protection POC/frontend/src/app/features/admin/policy-editor.component.ts:86:26:
[37m      86 │     this.fTier.set(policy.[32mtier[37m ?? '');
         ╵                           [32m~~~~[0m


[31mX [41;31m[[41;97mERROR[41;31m][0m [1mTS2339: Property 'tier' does not exist on type 'AdminPolicy'.[0m [1m[35m[plugin angular-compiler][0m

    C:/Users/Vinaykumar.R/Desktop/Redis API Rate Limiting and DDoS Protection POC/frontend/src/app/features/admin/policy-editor.component.ts:86:26:
[37m      86 │     this.fTier.set(policy.[32mtier[37m ?? '');
         ╵                           [32m~~~~[0m


[31mX [41;31m[[41;97mERROR[41;31m][0m [1mTS2353: Object literal may only specify known properties, and 'tier' does not exist in type 'PolicyEdit'.[0m [1m[35m[plugin angular-compiler][0m

    C:/Users/Vinaykumar.R/Desktop/Redis API Rate Limiting and DDoS Protection POC/frontend/src/app/features/admin/policy-editor.component.ts:132:10:
[37m      132 │           [32mtier[37m: this.fTier().trim() === '' ? null : this.fTier()....
          ╵           [32m~~~~[0m


[31mX [41;31m[[41;97mERROR[41;31m][0m [1mTS2305: Module '"./admin-models"' has no exported member 'ApiKeyCreated'.[0m [1m[35m[plugin angular-compiler][0m

    C:/Users/Vinaykumar.R/Desktop/Redis API Rate Limiting and DDoS Protection POC/frontend/src/app/core/admin-api.service.ts:9:2:
[37m      9 │   [32mApiKeyCreated[37m,
        ╵   [32m~~~~~~~~~~~~~[0m


[31mX [41;31m[[41;97mERROR[41;31m][0m [1mTS2305: Module '"./admin-models"' has no exported member 'ApiKeyMetadata'.[0m [1m[35m[plugin angular-compiler][0m

    C:/Users/Vinaykumar.R/Desktop/Redis API Rate Limiting and DDoS Protection POC/frontend/src/app/core/admin-api.service.ts:10:2:
[37m      10 │   [32mApiKeyMetadata[37m,
         ╵   [32m~~~~~~~~~~~~~~[0m


[31mX [41;31m[[41;97mERROR[41;31m][0m [1mTS2305: Module '"./admin-models"' has no exported member 'ApiKeyMetadata'.[0m [1m[35m[plugin angular-compiler][0m

    C:/Users/Vinaykumar.R/Desktop/Redis API Rate Limiting and DDoS Protection POC/frontend/src/app/core/admin-store.service.ts:8:2:
[37m      8 │   [32mApiKeyMetadata[37m,
        ╵   [32m~~~~~~~~~~~~~~[0m


[31mX [41;31m[[41;97mERROR[41;31m][0m [1mTS2339: Property 'tier' does not exist on type 'AdminPolicy'.[0m [1m[35m[plugin angular-compiler][0m

    C:/Users/Vinaykumar.R/Desktop/Redis API Rate Limiting and DDoS Protection POC/frontend/src/app/features/admin/policy-editor.component.ts:86:26:
[37m      86 │     this.fTier.set(policy.[32mtier[37m ?? '');
         ╵                           [32m~~~~[0m


[31mX [41;31m[[41;97mERROR[41;31m][0m [1mTS2353: Object literal may only specify known properties, and 'tier' does not exist in type 'PolicyEdit'.[0m [1m[35m[plugin angular-compiler][0m

    C:/Users/Vinaykumar.R/Desktop/Redis API Rate Limiting and DDoS Protection POC/frontend/src/app/features/admin/policy-editor.component.ts:132:10:
[37m      132 │           [32mtier[37m: this.fTier().trim() === '' ? null : this.fTier()....
          ╵           [32m~~~~[0m


[31mX [41;31m[[41;97mERROR[41;31m][0m [1mTS2304: Cannot find name 'ApiKeyCreated'.[0m [1m[35m[plugin angular-compiler][0m

    C:/Users/Vinaykumar.R/Desktop/Redis API Rate Limiting and DDoS Protection POC/frontend/src/app/core/admin-api.service.ts:100:53:
[37m      100 │ ...tring, tier: string): Observable<[32mApiKeyCreated[37m | AdminApiError> {
          ╵                                     [32m~~~~~~~~~~~~~[0m


[31mX [41;31m[[41;97mERROR[41;31m][0m [1mTS2304: Cannot find name 'ApiKeyCreated'.[0m [1m[35m[plugin angular-compiler][0m

    C:/Users/Vinaykumar.R/Desktop/Redis API Rate Limiting and DDoS Protection POC/frontend/src/app/core/admin-api.service.ts:101:23:
[37m      101 │     return this.authed<[32mApiKeyCreated[37m>('POST', '/keys', { owner, t...
          ╵                        [32m~~~~~~~~~~~~~[0m


[31mX [41;31m[[41;97mERROR[41;31m][0m [1mTS2304: Cannot find name 'ApiKeyMetadata'.[0m [1m[35m[plugin angular-compiler][0m

    C:/Users/Vinaykumar.R/Desktop/Redis API Rate Limiting and DDoS Protection POC/frontend/src/app/core/admin-api.service.ts:104:25:
[37m      104 │   listKeys(): Observable<[32mApiKeyMetadata[37m[] | AdminApiError> {
          ╵                          [32m~~~~~~~~~~~~~~[0m


[31mX [41;31m[[41;97mERROR[41;31m][0m [1mTS2304: Cannot find name 'ApiKeyMetadata'.[0m [1m[35m[plugin angular-compiler][0m

    C:/Users/Vinaykumar.R/Desktop/Redis API Rate Limiting and DDoS Protection POC/frontend/src/app/core/admin-api.service.ts:105:23:
[37m      105 │     return this.authed<[32mApiKeyMetadata[37m[]>('GET', '/keys');
          ╵                        [32m~~~~~~~~~~~~~~[0m


[31mX [41;31m[[41;97mERROR[41;31m][0m [1mTS2305: Module '"./admin-models"' has no exported member 'ApiKeyMetadata'.[0m [1m[35m[plugin angular-compiler][0m

    C:/Users/Vinaykumar.R/Desktop/Redis API Rate Limiting and DDoS Protection POC/frontend/src/app/core/admin-store.service.ts:8:2:
[37m      8 │   [32mApiKeyMetadata[37m,
        ╵   [32m~~~~~~~~~~~~~~[0m


[31mX [41;31m[[41;97mERROR[41;31m][0m [1mTS2339: Property 'tier' does not exist on type 'AdminPolicy'.[0m [1m[35m[plugin angular-compiler][0m

    C:/Users/Vinaykumar.R/Desktop/Redis API Rate Limiting and DDoS Protection POC/frontend/src/app/features/admin/policy-editor.component.ts:86:26:
[37m      86 │     this.fTier.set(policy.[32mtier[37m ?? '');
         ╵                           [32m~~~~[0m


[31mX [41;31m[[41;97mERROR[41;31m][0m [1mTS2353: Object literal may only specify known properties, and 'tier' does not exist in type 'PolicyEdit'.[0m [1m[35m[plugin angular-compiler][0m

    C:/Users/Vinaykumar.R/Desktop/Redis API Rate Limiting and DDoS Protection POC/frontend/src/app/features/admin/policy-editor.component.ts:132:10:
[37m      132 │           [32mtier[37m: this.fTier().trim() === '' ? null : this.fTier()....
          ╵           [32m~~~~[0m


[31mX [41;31m[[41;97mERROR[41;31m][0m [1mTS2305: Module '"./admin-models"' has no exported member 'ApiKeyMetadata'.[0m [1m[35m[plugin angular-compiler][0m

    C:/Users/Vinaykumar.R/Desktop/Redis API Rate Limiting and DDoS Protection POC/frontend/src/app/core/admin-store.service.ts:8:2:
[37m      8 │   [32mApiKeyMetadata[37m,
        ╵   [32m~~~~~~~~~~~~~~[0m


[31mX [41;31m[[41;97mERROR[41;31m][0m [1mTS2339: Property 'listKeys' does not exist on type 'AdminApiService'.[0m [1m[35m[plugin angular-compiler][0m

    C:/Users/Vinaykumar.R/Desktop/Redis API Rate Limiting and DDoS Protection POC/frontend/src/app/core/admin-store.service.ts:88:30:
[37m      88 │       firstValueFrom(this.api.[32mlistKeys[37m()),
         ╵                               [32m~~~~~~~~[0m


[31mX [41;31m[[41;97mERROR[41;31m][0m [1mTS2345: Argument of type 'unknown' is not assignable to parameter of type 'ApiKeyMetadata[]'.[0m [1m[35m[plugin angular-compiler][0m

    C:/Users/Vinaykumar.R/Desktop/Redis API Rate Limiting and DDoS Protection POC/frontend/src/app/core/admin-store.service.ts:97:46:
[37m      97 │     if (!isAdminError(keys)) this.apiKeys.set([32mkeys[37m);
         ╵                                               [32m~~~~[0m


[31mX [41;31m[[41;97mERROR[41;31m][0m [1mTS2551: Property 'createKey' does not exist on type 'AdminApiService'. Did you mean 'create'?[0m [1m[35m[plugin angular-compiler][0m

    C:/Users/Vinaykumar.R/Desktop/Redis API Rate Limiting and DDoS Protection POC/frontend/src/app/core/admin-store.service.ts:155:50:
[37m      155 │ ... created = await firstValueFrom(this.api.[32mcreateKey[37m(owner, tier));
          ╵                                             [32m~~~~~~~~~[0m

  'create' is declared here.

    C:/Users/Vinaykumar.R/Desktop/Redis API Rate Limiting and DDoS Protection POC/frontend/src/app/core/admin-api.service.ts:71:2:
[37m      71 │   [32mcreate[37m(edit: PolicyEdit): Observable<AdminPolicy | AdminApiError> {
         ╵   [32m~~~~~~[0m


[31mX [41;31m[[41;97mERROR[41;31m][0m [1mTS18046: 'created' is of type 'unknown'.[0m [1m[35m[plugin angular-compiler][0m

    C:/Users/Vinaykumar.R/Desktop/Redis API Rate Limiting and DDoS Protection POC/frontend/src/app/core/admin-store.service.ts:161:18:
[37m      161 │     return { key: [32mcreated[37m.key };
          ╵                   [32m~~~~~~~[0m


[31mX [41;31m[[41;97mERROR[41;31m][0m [1mTS2339: Property 'revokeKey' does not exist on type 'AdminApiService'.[0m [1m[35m[plugin angular-compiler][0m

    C:/Users/Vinaykumar.R/Desktop/Redis API Rate Limiting and DDoS Protection POC/frontend/src/app/core/admin-store.service.ts:166:49:
[37m      166 │     const result = await firstValueFrom(this.api.[32mrevokeKey[37m(keyId));
          ╵                                                  [32m~~~~~~~~~[0m


[31mX [41;31m[[41;97mERROR[41;31m][0m [1mTS2339: Property 'listKeys' does not exist on type 'AdminApiService'.[0m [1m[35m[plugin angular-compiler][0m

    C:/Users/Vinaykumar.R/Desktop/Redis API Rate Limiting and DDoS Protection POC/frontend/src/app/core/admin-store.service.ts:181:47:
[37m      181 │     const keys = await firstValueFrom(this.api.[32mlistKeys[37m());
          ╵                                                [32m~~~~~~~~[0m


[31mX [41;31m[[41;97mERROR[41;31m][0m [1mTS2345: Argument of type 'unknown' is not assignable to parameter of type 'ApiKeyMetadata[]'.[0m [1m[35m[plugin angular-compiler][0m

    C:/Users/Vinaykumar.R/Desktop/Redis API Rate Limiting and DDoS Protection POC/frontend/src/app/core/admin-store.service.ts:182:46:
[37m      182 │     if (!isAdminError(keys)) this.apiKeys.set([32mkeys[37m);
          ╵                                               [32m~~~~[0m


[31mX [41;31m[[41;97mERROR[41;31m][0m [1mTS2339: Property 'tier' does not exist on type 'AdminPolicy'.[0m [1m[35m[plugin angular-compiler][0m

    C:/Users/Vinaykumar.R/Desktop/Redis API Rate Limiting and DDoS Protection POC/frontend/src/app/features/admin/policy-editor.component.ts:86:26:
[37m      86 │     this.fTier.set(policy.[32mtier[37m ?? '');
         ╵                           [32m~~~~[0m


[31mX [41;31m[[41;97mERROR[41;31m][0m [1mTS2353: Object literal may only specify known properties, and 'tier' does not exist in type 'PolicyEdit'.[0m [1m[35m[plugin angular-compiler][0m

    C:/Users/Vinaykumar.R/Desktop/Redis API Rate Limiting and DDoS Protection POC/frontend/src/app/features/admin/policy-editor.component.ts:132:10:
[37m      132 │           [32mtier[37m: this.fTier().trim() === '' ? null : this.fTier()....
          ╵           [32m~~~~[0m


[31mX [41;31m[[41;97mERROR[41;31m][0m [1mTS2304: Cannot find name 'ApiKeyMetadata'.[0m [1m[35m[plugin angular-compiler][0m

    C:/Users/Vinaykumar.R/Desktop/Redis API Rate Limiting and DDoS Protection POC/frontend/src/app/core/admin-store.service.ts:34:28:
[37m      34 │   readonly apiKeys = signal<[32mApiKeyMetadata[37m[]>([]);
         ╵                             [32m~~~~~~~~~~~~~~[0m


[31mX [41;31m[[41;97mERROR[41;31m][0m [1mTS2339: Property 'listKeys' does not exist on type 'AdminApiService'.[0m [1m[35m[plugin angular-compiler][0m

    C:/Users/Vinaykumar.R/Desktop/Redis API Rate Limiting and DDoS Protection POC/frontend/src/app/core/admin-store.service.ts:87:30:
[37m      87 │       firstValueFrom(this.api.[32mlistKeys[37m()),
         ╵                               [32m~~~~~~~~[0m


[31mX [41;31m[[41;97mERROR[41;31m][0m [1mTS2345: Argument of type 'unknown' is not assignable to parameter of type 'ApiKeyMetadata[]'.[0m [1m[35m[plugin angular-compiler][0m

    C:/Users/Vinaykumar.R/Desktop/Redis API Rate Limiting and DDoS Protection POC/frontend/src/app/core/admin-store.service.ts:96:46:
[37m      96 │     if (!isAdminError(keys)) this.apiKeys.set([32mkeys[37m);
         ╵                                               [32m~~~~[0m


[31mX [41;31m[[41;97mERROR[41;31m][0m [1mTS2551: Property 'createKey' does not exist on type 'AdminApiService'. Did you mean 'create'?[0m [1m[35m[plugin angular-compiler][0m

    C:/Users/Vinaykumar.R/Desktop/Redis API Rate Limiting and DDoS Protection POC/frontend/src/app/core/admin-store.service.ts:154:50:
[37m      154 │ ... created = await firstValueFrom(this.api.[32mcreateKey[37m(owner, tier));
          ╵                                             [32m~~~~~~~~~[0m

  'create' is declared here.

    C:/Users/Vinaykumar.R/Desktop/Redis API Rate Limiting and DDoS Protection POC/frontend/src/app/core/admin-api.service.ts:71:2:
[37m      71 │   [32mcreate[37m(edit: PolicyEdit): Observable<AdminPolicy | AdminApiError> {
         ╵   [32m~~~~~~[0m


[31mX [41;31m[[41;97mERROR[41;31m][0m [1mTS18046: 'created' is of type 'unknown'.[0m [1m[35m[plugin angular-compiler][0m

    C:/Users/Vinaykumar.R/Desktop/Redis API Rate Limiting and DDoS Protection POC/frontend/src/app/core/admin-store.service.ts:160:18:
[37m      160 │     return { key: [32mcreated[37m.key };
          ╵                   [32m~~~~~~~[0m


[31mX [41;31m[[41;97mERROR[41;31m][0m [1mTS2339: Property 'revokeKey' does not exist on type 'AdminApiService'.[0m [1m[35m[plugin angular-compiler][0m

    C:/Users/Vinaykumar.R/Desktop/Redis API Rate Limiting and DDoS Protection POC/frontend/src/app/core/admin-store.service.ts:165:49:
[37m      165 │     const result = await firstValueFrom(this.api.[32mrevokeKey[37m(keyId));
          ╵                                                  [32m~~~~~~~~~[0m


[31mX [41;31m[[41;97mERROR[41;31m][0m [1mTS2339: Property 'listKeys' does not exist on type 'AdminApiService'.[0m [1m[35m[plugin angular-compiler][0m

    C:/Users/Vinaykumar.R/Desktop/Redis API Rate Limiting and DDoS Protection POC/frontend/src/app/core/admin-store.service.ts:180:47:
[37m      180 │     const keys = await firstValueFrom(this.api.[32mlistKeys[37m());
          ╵                                                [32m~~~~~~~~[0m


[31mX [41;31m[[41;97mERROR[41;31m][0m [1mTS2345: Argument of type 'unknown' is not assignable to parameter of type 'ApiKeyMetadata[]'.[0m [1m[35m[plugin angular-compiler][0m

    C:/Users/Vinaykumar.R/Desktop/Redis API Rate Limiting and DDoS Protection POC/frontend/src/app/core/admin-store.service.ts:181:46:
[37m      181 │     if (!isAdminError(keys)) this.apiKeys.set([32mkeys[37m);
          ╵                                               [32m~~~~[0m


[31mX [41;31m[[41;97mERROR[41;31m][0m [1mTS2339: Property 'tier' does not exist on type 'AdminPolicy'.[0m [1m[35m[plugin angular-compiler][0m

    C:/Users/Vinaykumar.R/Desktop/Redis API Rate Limiting and DDoS Protection POC/frontend/src/app/features/admin/policy-editor.component.ts:86:26:
[37m      86 │     this.fTier.set(policy.[32mtier[37m ?? '');
         ╵                           [32m~~~~[0m


[31mX [41;31m[[41;97mERROR[41;31m][0m [1mTS2353: Object literal may only specify known properties, and 'tier' does not exist in type 'PolicyEdit'.[0m [1m[35m[plugin angular-compiler][0m

    C:/Users/Vinaykumar.R/Desktop/Redis API Rate Limiting and DDoS Protection POC/frontend/src/app/features/admin/policy-editor.component.ts:132:10:
[37m      132 │           [32mtier[37m: this.fTier().trim() === '' ? null : this.fTier()....
          ╵           [32m~~~~[0m


[31mX [41;31m[[41;97mERROR[41;31m][0m [1mTS2339: Property 'apiKeys' does not exist on type 'AdminStore'.[0m [1m[35m[plugin angular-compiler][0m

    C:/Users/Vinaykumar.R/Desktop/Redis API Rate Limiting and DDoS Protection POC/frontend/src/app/core/admin-store.service.ts:65:9:
[37m      65 │     this.[32mapiKeys[37m.set([]);
         ╵          [32m~~~~~~~[0m


[31mX [41;31m[[41;97mERROR[41;31m][0m [1mTS2339: Property 'listKeys' does not exist on type 'AdminApiService'.[0m [1m[35m[plugin angular-compiler][0m

    C:/Users/Vinaykumar.R/Desktop/Redis API Rate Limiting and DDoS Protection POC/frontend/src/app/core/admin-store.service.ts:86:30:
[37m      86 │       firstValueFrom(this.api.[32mlistKeys[37m()),
         ╵                               [32m~~~~~~~~[0m


[31mX [41;31m[[41;97mERROR[41;31m][0m [1mTS2339: Property 'apiKeys' does not exist on type 'AdminStore'.[0m [1m[35m[plugin angular-compiler][0m

    C:/Users/Vinaykumar.R/Desktop/Redis API Rate Limiting and DDoS Protection POC/frontend/src/app/core/admin-store.service.ts:95:34:
[37m      95 │     if (!isAdminError(keys)) this.[32mapiKeys[37m.set(keys);
         ╵                                   [32m~~~~~~~[0m


[31mX [41;31m[[41;97mERROR[41;31m][0m [1mTS2551: Property 'createKey' does not exist on type 'AdminApiService'. Did you mean 'create'?[0m [1m[35m[plugin angular-compiler][0m

    C:/Users/Vinaykumar.R/Desktop/Redis API Rate Limiting and DDoS Protection POC/frontend/src/app/core/admin-store.service.ts:153:50:
[37m      153 │ ... created = await firstValueFrom(this.api.[32mcreateKey[37m(owner, tier));
          ╵                                             [32m~~~~~~~~~[0m

  'create' is declared here.

    C:/Users/Vinaykumar.R/Desktop/Redis API Rate Limiting and DDoS Protection POC/frontend/src/app/core/admin-api.service.ts:71:2:
[37m      71 │   [32mcreate[37m(edit: PolicyEdit): Observable<AdminPolicy | AdminApiError> {
         ╵   [32m~~~~~~[0m


[31mX [41;31m[[41;97mERROR[41;31m][0m [1mTS18046: 'created' is of type 'unknown'.[0m [1m[35m[plugin angular-compiler][0m

    C:/Users/Vinaykumar.R/Desktop/Redis API Rate Limiting and DDoS Protection POC/frontend/src/app/core/admin-store.service.ts:159:18:
[37m      159 │     return { key: [32mcreated[37m.key };
          ╵                   [32m~~~~~~~[0m


[31mX [41;31m[[41;97mERROR[41;31m][0m [1mTS2339: Property 'revokeKey' does not exist on type 'AdminApiService'.[0m [1m[35m[plugin angular-compiler][0m

    C:/Users/Vinaykumar.R/Desktop/Redis API Rate Limiting and DDoS Protection POC/frontend/src/app/core/admin-store.service.ts:164:49:
[37m      164 │     const result = await firstValueFrom(this.api.[32mrevokeKey[37m(keyId));
          ╵                                                  [32m~~~~~~~~~[0m


[31mX [41;31m[[41;97mERROR[41;31m][0m [1mTS2339: Property 'listKeys' does not exist on type 'AdminApiService'.[0m [1m[35m[plugin angular-compiler][0m

    C:/Users/Vinaykumar.R/Desktop/Redis API Rate Limiting and DDoS Protection POC/frontend/src/app/core/admin-store.service.ts:179:47:
[37m      179 │     const keys = await firstValueFrom(this.api.[32mlistKeys[37m());
          ╵                                                [32m~~~~~~~~[0m


[31mX [41;31m[[41;97mERROR[41;31m][0m [1mTS2339: Property 'apiKeys' does not exist on type 'AdminStore'.[0m [1m[35m[plugin angular-compiler][0m

    C:/Users/Vinaykumar.R/Desktop/Redis API Rate Limiting and DDoS Protection POC/frontend/src/app/core/admin-store.service.ts:180:34:
[37m      180 │     if (!isAdminError(keys)) this.[32mapiKeys[37m.set(keys);
          ╵                                   [32m~~~~~~~[0m


[31mX [41;31m[[41;97mERROR[41;31m][0m [1mTS2339: Property 'tier' does not exist on type 'AdminPolicy'.[0m [1m[35m[plugin angular-compiler][0m

    C:/Users/Vinaykumar.R/Desktop/Redis API Rate Limiting and DDoS Protection POC/frontend/src/app/features/admin/policy-editor.component.ts:86:26:
[37m      86 │     this.fTier.set(policy.[32mtier[37m ?? '');
         ╵                           [32m~~~~[0m


[31mX [41;31m[[41;97mERROR[41;31m][0m [1mTS2353: Object literal may only specify known properties, and 'tier' does not exist in type 'PolicyEdit'.[0m [1m[35m[plugin angular-compiler][0m

    C:/Users/Vinaykumar.R/Desktop/Redis API Rate Limiting and DDoS Protection POC/frontend/src/app/features/admin/policy-editor.component.ts:132:10:
[37m      132 │           [32mtier[37m: this.fTier().trim() === '' ? null : this.fTier()....
          ╵           [32m~~~~[0m


[31mX [41;31m[[41;97mERROR[41;31m][0m [1mTS2339: Property 'listKeys' does not exist on type 'AdminApiService'.[0m [1m[35m[plugin angular-compiler][0m

    C:/Users/Vinaykumar.R/Desktop/Redis API Rate Limiting and DDoS Protection POC/frontend/src/app/core/admin-store.service.ts:85:30:
[37m      85 │       firstValueFrom(this.api.[32mlistKeys[37m()),
         ╵                               [32m~~~~~~~~[0m


[31mX [41;31m[[41;97mERROR[41;31m][0m [1mTS2339: Property 'apiKeys' does not exist on type 'AdminStore'.[0m [1m[35m[plugin angular-compiler][0m

    C:/Users/Vinaykumar.R/Desktop/Redis API Rate Limiting and DDoS Protection POC/frontend/src/app/core/admin-store.service.ts:94:34:
[37m      94 │     if (!isAdminError(keys)) this.[32mapiKeys[37m.set(keys);
         ╵                                   [32m~~~~~~~[0m


[31mX [41;31m[[41;97mERROR[41;31m][0m [1mTS2551: Property 'createKey' does not exist on type 'AdminApiService'. Did you mean 'create'?[0m [1m[35m[plugin angular-compiler][0m

    C:/Users/Vinaykumar.R/Desktop/Redis API Rate Limiting and DDoS Protection POC/frontend/src/app/core/admin-store.service.ts:152:50:
[37m      152 │ ... created = await firstValueFrom(this.api.[32mcreateKey[37m(owner, tier));
          ╵                                             [32m~~~~~~~~~[0m

  'create' is declared here.

    C:/Users/Vinaykumar.R/Desktop/Redis API Rate Limiting and DDoS Protection POC/frontend/src/app/core/admin-api.service.ts:71:2:
[37m      71 │   [32mcreate[37m(edit: PolicyEdit): Observable<AdminPolicy | AdminApiError> {
         ╵   [32m~~~~~~[0m


[31mX [41;31m[[41;97mERROR[41;31m][0m [1mTS18046: 'created' is of type 'unknown'.[0m [1m[35m[plugin angular-compiler][0m

    C:/Users/Vinaykumar.R/Desktop/Redis API Rate Limiting and DDoS Protection POC/frontend/src/app/core/admin-store.service.ts:158:18:
[37m      158 │     return { key: [32mcreated[37m.key };
          ╵                   [32m~~~~~~~[0m


[31mX [41;31m[[41;97mERROR[41;31m][0m [1mTS2339: Property 'revokeKey' does not exist on type 'AdminApiService'.[0m [1m[35m[plugin angular-compiler][0m

    C:/Users/Vinaykumar.R/Desktop/Redis API Rate Limiting and DDoS Protection POC/frontend/src/app/core/admin-store.service.ts:163:49:
[37m      163 │     const result = await firstValueFrom(this.api.[32mrevokeKey[37m(keyId));
          ╵                                                  [32m~~~~~~~~~[0m


[31mX [41;31m[[41;97mERROR[41;31m][0m [1mTS2339: Property 'listKeys' does not exist on type 'AdminApiService'.[0m [1m[35m[plugin angular-compiler][0m

    C:/Users/Vinaykumar.R/Desktop/Redis API Rate Limiting and DDoS Protection POC/frontend/src/app/core/admin-store.service.ts:178:47:
[37m      178 │     const keys = await firstValueFrom(this.api.[32mlistKeys[37m());
          ╵                                                [32m~~~~~~~~[0m


[31mX [41;31m[[41;97mERROR[41;31m][0m [1mTS2339: Property 'apiKeys' does not exist on type 'AdminStore'.[0m [1m[35m[plugin angular-compiler][0m

    C:/Users/Vinaykumar.R/Desktop/Redis API Rate Limiting and DDoS Protection POC/frontend/src/app/core/admin-store.service.ts:179:34:
[37m      179 │     if (!isAdminError(keys)) this.[32mapiKeys[37m.set(keys);
          ╵                                   [32m~~~~~~~[0m


[31mX [41;31m[[41;97mERROR[41;31m][0m [1mTS2339: Property 'tier' does not exist on type 'AdminPolicy'.[0m [1m[35m[plugin angular-compiler][0m

    C:/Users/Vinaykumar.R/Desktop/Redis API Rate Limiting and DDoS Protection POC/frontend/src/app/features/admin/policy-editor.component.ts:86:26:
[37m      86 │     this.fTier.set(policy.[32mtier[37m ?? '');
         ╵                           [32m~~~~[0m


[31mX [41;31m[[41;97mERROR[41;31m][0m [1mTS2353: Object literal may only specify known properties, and 'tier' does not exist in type 'PolicyEdit'.[0m [1m[35m[plugin angular-compiler][0m

    C:/Users/Vinaykumar.R/Desktop/Redis API Rate Limiting and DDoS Protection POC/frontend/src/app/features/admin/policy-editor.component.ts:132:10:
[37m      132 │           [32mtier[37m: this.fTier().trim() === '' ? null : this.fTier()....
          ╵           [32m~~~~[0m


[31mX [41;31m[[41;97mERROR[41;31m][0m [1mTS2339: Property 'listKeys' does not exist on type 'AdminApiService'.[0m [1m[35m[plugin angular-compiler][0m

    C:/Users/Vinaykumar.R/Desktop/Redis API Rate Limiting and DDoS Protection POC/frontend/src/app/core/admin-store.service.ts:85:30:
[37m      85 │       firstValueFrom(this.api.[32mlistKeys[37m()),
         ╵                               [32m~~~~~~~~[0m


[31mX [41;31m[[41;97mERROR[41;31m][0m [1mTS2339: Property 'apiKeys' does not exist on type 'AdminStore'.[0m [1m[35m[plugin angular-compiler][0m

    C:/Users/Vinaykumar.R/Desktop/Redis API Rate Limiting and DDoS Protection POC/frontend/src/app/core/admin-store.service.ts:94:34:
[37m      94 │     if (!isAdminError(keys)) this.[32mapiKeys[37m.set(keys);
         ╵                                   [32m~~~~~~~[0m


[31mX [41;31m[[41;97mERROR[41;31m][0m [1mTS2551: Property 'createKey' does not exist on type 'AdminApiService'. Did you mean 'create'?[0m [1m[35m[plugin angular-compiler][0m

    C:/Users/Vinaykumar.R/Desktop/Redis API Rate Limiting and DDoS Protection POC/frontend/src/app/core/admin-store.service.ts:152:50:
[37m      152 │ ... created = await firstValueFrom(this.api.[32mcreateKey[37m(owner, tier));
          ╵                                             [32m~~~~~~~~~[0m

  'create' is declared here.

    C:/Users/Vinaykumar.R/Desktop/Redis API Rate Limiting and DDoS Protection POC/frontend/src/app/core/admin-api.service.ts:71:2:
[37m      71 │   [32mcreate[37m(edit: PolicyEdit): Observable<AdminPolicy | AdminApiError> {
         ╵   [32m~~~~~~[0m


[31mX [41;31m[[41;97mERROR[41;31m][0m [1mTS18046: 'created' is of type 'unknown'.[0m [1m[35m[plugin angular-compiler][0m

    C:/Users/Vinaykumar.R/Desktop/Redis API Rate Limiting and DDoS Protection POC/frontend/src/app/core/admin-store.service.ts:158:18:
[37m      158 │     return { key: [32mcreated[37m.key };
          ╵                   [32m~~~~~~~[0m


[31mX [41;31m[[41;97mERROR[41;31m][0m [1mTS2339: Property 'revokeKey' does not exist on type 'AdminApiService'.[0m [1m[35m[plugin angular-compiler][0m

    C:/Users/Vinaykumar.R/Desktop/Redis API Rate Limiting and DDoS Protection POC/frontend/src/app/core/admin-store.service.ts:163:49:
[37m      163 │     const result = await firstValueFrom(this.api.[32mrevokeKey[37m(keyId));
          ╵                                                  [32m~~~~~~~~~[0m


[31mX [41;31m[[41;97mERROR[41;31m][0m [1mTS2339: Property 'listKeys' does not exist on type 'AdminApiService'.[0m [1m[35m[plugin angular-compiler][0m

    C:/Users/Vinaykumar.R/Desktop/Redis API Rate Limiting and DDoS Protection POC/frontend/src/app/core/admin-store.service.ts:178:47:
[37m      178 │     const keys = await firstValueFrom(this.api.[32mlistKeys[37m());
          ╵                                                [32m~~~~~~~~[0m


[31mX [41;31m[[41;97mERROR[41;31m][0m [1mTS2339: Property 'apiKeys' does not exist on type 'AdminStore'.[0m [1m[35m[plugin angular-compiler][0m

    C:/Users/Vinaykumar.R/Desktop/Redis API Rate Limiting and DDoS Protection POC/frontend/src/app/core/admin-store.service.ts:179:34:
[37m      179 │     if (!isAdminError(keys)) this.[32mapiKeys[37m.set(keys);
          ╵                                   [32m~~~~~~~[0m


[31mX [41;31m[[41;97mERROR[41;31m][0m [1mTS2339: Property 'tier' does not exist on type 'AdminPolicy'.[0m [1m[35m[plugin angular-compiler][0m

    C:/Users/Vinaykumar.R/Desktop/Redis API Rate Limiting and DDoS Protection POC/frontend/src/app/features/admin/policy-editor.component.ts:86:26:
[37m      86 │     this.fTier.set(policy.[32mtier[37m ?? '');
         ╵                           [32m~~~~[0m


[31mX [41;31m[[41;97mERROR[41;31m][0m [1mTS2353: Object literal may only specify known properties, and 'tier' does not exist in type 'PolicyEdit'.[0m [1m[35m[plugin angular-compiler][0m

    C:/Users/Vinaykumar.R/Desktop/Redis API Rate Limiting and DDoS Protection POC/frontend/src/app/features/admin/policy-editor.component.ts:132:10:
[37m      132 │           [32mtier[37m: this.fTier().trim() === '' ? null : this.fTier()....
          ╵           [32m~~~~[0m


[31mX [41;31m[[41;97mERROR[41;31m][0m [1mTS2551: Property 'createKey' does not exist on type 'AdminApiService'. Did you mean 'create'?[0m [1m[35m[plugin angular-compiler][0m

    C:/Users/Vinaykumar.R/Desktop/Redis API Rate Limiting and DDoS Protection POC/frontend/src/app/core/admin-store.service.ts:150:50:
[37m      150 │ ... created = await firstValueFrom(this.api.[32mcreateKey[37m(owner, tier));
          ╵                                             [32m~~~~~~~~~[0m

  'create' is declared here.

    C:/Users/Vinaykumar.R/Desktop/Redis API Rate Limiting and DDoS Protection POC/frontend/src/app/core/admin-api.service.ts:71:2:
[37m      71 │   [32mcreate[37m(edit: PolicyEdit): Observable<AdminPolicy | AdminApiError> {
         ╵   [32m~~~~~~[0m


[31mX [41;31m[[41;97mERROR[41;31m][0m [1mTS18046: 'created' is of type 'unknown'.[0m [1m[35m[plugin angular-compiler][0m

    C:/Users/Vinaykumar.R/Desktop/Redis API Rate Limiting and DDoS Protection POC/frontend/src/app/core/admin-store.service.ts:156:18:
[37m      156 │     return { key: [32mcreated[37m.key };
          ╵                   [32m~~~~~~~[0m


[31mX [41;31m[[41;97mERROR[41;31m][0m [1mTS2339: Property 'revokeKey' does not exist on type 'AdminApiService'.[0m [1m[35m[plugin angular-compiler][0m

    C:/Users/Vinaykumar.R/Desktop/Redis API Rate Limiting and DDoS Protection POC/frontend/src/app/core/admin-store.service.ts:161:49:
[37m      161 │     const result = await firstValueFrom(this.api.[32mrevokeKey[37m(keyId));
          ╵                                                  [32m~~~~~~~~~[0m


[31mX [41;31m[[41;97mERROR[41;31m][0m [1mTS2339: Property 'listKeys' does not exist on type 'AdminApiService'.[0m [1m[35m[plugin angular-compiler][0m

    C:/Users/Vinaykumar.R/Desktop/Redis API Rate Limiting and DDoS Protection POC/frontend/src/app/core/admin-store.service.ts:176:47:
[37m      176 │     const keys = await firstValueFrom(this.api.[32mlistKeys[37m());
          ╵                                                [32m~~~~~~~~[0m


[31mX [41;31m[[41;97mERROR[41;31m][0m [1mTS2339: Property 'apiKeys' does not exist on type 'AdminStore'.[0m [1m[35m[plugin angular-compiler][0m

    C:/Users/Vinaykumar.R/Desktop/Redis API Rate Limiting and DDoS Protection POC/frontend/src/app/core/admin-store.service.ts:177:34:
[37m      177 │     if (!isAdminError(keys)) this.[32mapiKeys[37m.set(keys);
          ╵                                   [32m~~~~~~~[0m


[31mX [41;31m[[41;97mERROR[41;31m][0m [1mTS2339: Property 'tier' does not exist on type 'AdminPolicy'.[0m [1m[35m[plugin angular-compiler][0m

    C:/Users/Vinaykumar.R/Desktop/Redis API Rate Limiting and DDoS Protection POC/frontend/src/app/features/admin/policy-editor.component.ts:86:26:
[37m      86 │     this.fTier.set(policy.[32mtier[37m ?? '');
         ╵                           [32m~~~~[0m


[31mX [41;31m[[41;97mERROR[41;31m][0m [1mTS2353: Object literal may only specify known properties, and 'tier' does not exist in type 'PolicyEdit'.[0m [1m[35m[plugin angular-compiler][0m

    C:/Users/Vinaykumar.R/Desktop/Redis API Rate Limiting and DDoS Protection POC/frontend/src/app/features/admin/policy-editor.component.ts:132:10:
[37m      132 │           [32mtier[37m: this.fTier().trim() === '' ? null : this.fTier()....
          ╵           [32m~~~~[0m


[31mX [41;31m[[41;97mERROR[41;31m][0m [1mTS2339: Property 'listKeys' does not exist on type 'AdminApiService'.[0m [1m[35m[plugin angular-compiler][0m

    C:/Users/Vinaykumar.R/Desktop/Redis API Rate Limiting and DDoS Protection POC/frontend/src/app/core/admin-store.service.ts:153:47:
[37m      153 │     const keys = await firstValueFrom(this.api.[32mlistKeys[37m());
          ╵                                                [32m~~~~~~~~[0m


[31mX [41;31m[[41;97mERROR[41;31m][0m [1mTS2339: Property 'apiKeys' does not exist on type 'AdminStore'.[0m [1m[35m[plugin angular-compiler][0m

    C:/Users/Vinaykumar.R/Desktop/Redis API Rate Limiting and DDoS Protection POC/frontend/src/app/core/admin-store.service.ts:154:34:
[37m      154 │     if (!isAdminError(keys)) this.[32mapiKeys[37m.set(keys);
          ╵                                   [32m~~~~~~~[0m


[31mX [41;31m[[41;97mERROR[41;31m][0m [1mTS2339: Property 'issueKey' does not exist on type 'AdminStore'.[0m [1m[35m[plugin angular-compiler][0m

    C:/Users/Vinaykumar.R/Desktop/Redis API Rate Limiting and DDoS Protection POC/frontend/src/app/features/admin/keys-page.component.ts:43:38:
[37m      43 │ ...t result = await this.store.[32missueKey[37m(this.owner().trim(), this....
         ╵                                [32m~~~~~~~~[0m


[31mX [41;31m[[41;97mERROR[41;31m][0m [1mTS2339: Property 'revokeKey' does not exist on type 'AdminStore'.[0m [1m[35m[plugin angular-compiler][0m

    C:/Users/Vinaykumar.R/Desktop/Redis API Rate Limiting and DDoS Protection POC/frontend/src/app/features/admin/keys-page.component.ts:64:23:
[37m      64 │       await this.store.[32mrevokeKey[37m(keyId);
         ╵                        [32m~~~~~~~~~[0m


[31mX [41;31m[[41;97mERROR[41;31m][0m [1mTS2339: Property 'tier' does not exist on type 'AdminPolicy'.[0m [1m[35m[plugin angular-compiler][0m

    C:/Users/Vinaykumar.R/Desktop/Redis API Rate Limiting and DDoS Protection POC/frontend/src/app/features/admin/policy-editor.component.ts:86:26:
[37m      86 │     this.fTier.set(policy.[32mtier[37m ?? '');
         ╵                           [32m~~~~[0m


[31mX [41;31m[[41;97mERROR[41;31m][0m [1mTS2353: Object literal may only specify known properties, and 'tier' does not exist in type 'PolicyEdit'.[0m [1m[35m[plugin angular-compiler][0m

    C:/Users/Vinaykumar.R/Desktop/Redis API Rate Limiting and DDoS Protection POC/frontend/src/app/features/admin/policy-editor.component.ts:132:10:
[37m      132 │           [32mtier[37m: this.fTier().trim() === '' ? null : this.fTier()....
          ╵           [32m~~~~[0m


[31mX [41;31m[[41;97mERROR[41;31m][0m [1mTS2339: Property 'issueKey' does not exist on type 'AdminStore'.[0m [1m[35m[plugin angular-compiler][0m

    C:/Users/Vinaykumar.R/Desktop/Redis API Rate Limiting and DDoS Protection POC/frontend/src/app/features/admin/keys-page.component.ts:43:38:
[37m      43 │ ...t result = await this.store.[32missueKey[37m(this.owner().trim(), this....
         ╵                                [32m~~~~~~~~[0m


[31mX [41;31m[[41;97mERROR[41;31m][0m [1mTS2339: Property 'revokeKey' does not exist on type 'AdminStore'.[0m [1m[35m[plugin angular-compiler][0m

    C:/Users/Vinaykumar.R/Desktop/Redis API Rate Limiting and DDoS Protection POC/frontend/src/app/features/admin/keys-page.component.ts:64:23:
[37m      64 │       await this.store.[32mrevokeKey[37m(keyId);
         ╵                        [32m~~~~~~~~~[0m


[31mX [41;31m[[41;97mERROR[41;31m][0m [1mTS2339: Property 'tier' does not exist on type 'AdminPolicy'.[0m [1m[35m[plugin angular-compiler][0m

    C:/Users/Vinaykumar.R/Desktop/Redis API Rate Limiting and DDoS Protection POC/frontend/src/app/features/admin/policy-editor.component.ts:86:26:
[37m      86 │     this.fTier.set(policy.[32mtier[37m ?? '');
         ╵                           [32m~~~~[0m


[31mX [41;31m[[41;97mERROR[41;31m][0m [1mTS2353: Object literal may only specify known properties, and 'tier' does not exist in type 'PolicyEdit'.[0m [1m[35m[plugin angular-compiler][0m

    C:/Users/Vinaykumar.R/Desktop/Redis API Rate Limiting and DDoS Protection POC/frontend/src/app/features/admin/policy-editor.component.ts:132:10:
[37m      132 │           [32mtier[37m: this.fTier().trim() === '' ? null : this.fTier()....
          ╵           [32m~~~~[0m


[31mX [41;31m[[41;97mERROR[41;31m][0m [1mTS2339: Property 'tier' does not exist on type 'AdminPolicy'.[0m [1m[35m[plugin angular-compiler][0m

    C:/Users/Vinaykumar.R/Desktop/Redis API Rate Limiting and DDoS Protection POC/frontend/src/app/features/admin/policy-editor.component.ts:86:26:
[37m      86 │     this.fTier.set(policy.[32mtier[37m ?? '');
         ╵                           [32m~~~~[0m


[31mX [41;31m[[41;97mERROR[41;31m][0m [1mTS2353: Object literal may only specify known properties, and 'tier' does not exist in type 'PolicyEdit'.[0m [1m[35m[plugin angular-compiler][0m

    C:/Users/Vinaykumar.R/Desktop/Redis API Rate Limiting and DDoS Protection POC/frontend/src/app/features/admin/policy-editor.component.ts:132:10:
[37m      132 │           [32mtier[37m: this.fTier().trim() === '' ? null : this.fTier()....
          ╵           [32m~~~~[0m


[31mX [41;31m[[41;97mERROR[41;31m][0m [1mTS2339: Property 'issueKey' does not exist on type 'AdminStore'.[0m [1m[35m[plugin angular-compiler][0m

    C:/Users/Vinaykumar.R/Desktop/Redis API Rate Limiting and DDoS Protection POC/frontend/src/app/features/admin/keys-page.component.ts:43:38:
[37m      43 │ ...t result = await this.store.[32missueKey[37m(this.owner().trim(), this....
         ╵                                [32m~~~~~~~~[0m


[31mX [41;31m[[41;97mERROR[41;31m][0m [1mTS2339: Property 'revokeKey' does not exist on type 'AdminStore'.[0m [1m[35m[plugin angular-compiler][0m

    C:/Users/Vinaykumar.R/Desktop/Redis API Rate Limiting and DDoS Protection POC/frontend/src/app/features/admin/keys-page.component.ts:64:23:
[37m      64 │       await this.store.[32mrevokeKey[37m(keyId);
         ╵                        [32m~~~~~~~~~[0m


[31mX [41;31m[[41;97mERROR[41;31m][0m [1mTS2339: Property 'tier' does not exist on type 'AdminPolicy'.[0m [1m[35m[plugin angular-compiler][0m

    C:/Users/Vinaykumar.R/Desktop/Redis API Rate Limiting and DDoS Protection POC/frontend/src/app/features/admin/policy-editor.component.ts:86:26:
[37m      86 │     this.fTier.set(policy.[32mtier[37m ?? '');
         ╵                           [32m~~~~[0m


[31mX [41;31m[[41;97mERROR[41;31m][0m [1mTS2353: Object literal may only specify known properties, and 'tier' does not exist in type 'PolicyEdit'.[0m [1m[35m[plugin angular-compiler][0m

    C:/Users/Vinaykumar.R/Desktop/Redis API Rate Limiting and DDoS Protection POC/frontend/src/app/features/admin/policy-editor.component.ts:132:10:
[37m      132 │           [32mtier[37m: this.fTier().trim() === '' ? null : this.fTier()....
          ╵           [32m~~~~[0m


[31mX [41;31m[[41;97mERROR[41;31m][0m [1mTS2339: Property 'issueKey' does not exist on type 'AdminStore'.[0m [1m[35m[plugin angular-compiler][0m

    C:/Users/Vinaykumar.R/Desktop/Redis API Rate Limiting and DDoS Protection POC/frontend/src/app/features/admin/keys-page.component.ts:43:38:
[37m      43 │ ...t result = await this.store.[32missueKey[37m(this.owner().trim(), this....
         ╵                                [32m~~~~~~~~[0m


[31mX [41;31m[[41;97mERROR[41;31m][0m [1mTS2339: Property 'revokeKey' does not exist on type 'AdminStore'.[0m [1m[35m[plugin angular-compiler][0m

    C:/Users/Vinaykumar.R/Desktop/Redis API Rate Limiting and DDoS Protection POC/frontend/src/app/features/admin/keys-page.component.ts:64:23:
[37m      64 │       await this.store.[32mrevokeKey[37m(keyId);
         ╵                        [32m~~~~~~~~~[0m


[31mX [41;31m[[41;97mERROR[41;31m][0m [1mTS2339: Property 'tier' does not exist on type 'AdminPolicy'.[0m [1m[35m[plugin angular-compiler][0m

    C:/Users/Vinaykumar.R/Desktop/Redis API Rate Limiting and DDoS Protection POC/frontend/src/app/features/admin/policy-editor.component.ts:86:26:
[37m      86 │     this.fTier.set(policy.[32mtier[37m ?? '');
         ╵                           [32m~~~~[0m


[31mX [41;31m[[41;97mERROR[41;31m][0m [1mTS2353: Object literal may only specify known properties, and 'tier' does not exist in type 'PolicyEdit'.[0m [1m[35m[plugin angular-compiler][0m

    C:/Users/Vinaykumar.R/Desktop/Redis API Rate Limiting and DDoS Protection POC/frontend/src/app/features/admin/policy-editor.component.ts:132:10:
[37m      132 │           [32mtier[37m: this.fTier().trim() === '' ? null : this.fTier()....
          ╵           [32m~~~~[0m


[31mX [41;31m[[41;97mERROR[41;31m][0m [1mTS2339: Property 'fTier' does not exist on type 'PolicyEditorComponent'.[0m [1m[35m[plugin angular-compiler][0m

    C:/Users/Vinaykumar.R/Desktop/Redis API Rate Limiting and DDoS Protection POC/frontend/src/app/features/admin/policy-editor.component.ts:85:9:
[37m      85 │     this.[32mfTier[37m.set(policy.tier ?? '');
         ╵          [32m~~~~~[0m


[31mX [41;31m[[41;97mERROR[41;31m][0m [1mTS2339: Property 'tier' does not exist on type 'AdminPolicy'.[0m [1m[35m[plugin angular-compiler][0m

    C:/Users/Vinaykumar.R/Desktop/Redis API Rate Limiting and DDoS Protection POC/frontend/src/app/features/admin/policy-editor.component.ts:85:26:
[37m      85 │     this.fTier.set(policy.[32mtier[37m ?? '');
         ╵                           [32m~~~~[0m


[31mX [41;31m[[41;97mERROR[41;31m][0m [1mTS2353: Object literal may only specify known properties, and 'tier' does not exist in type 'PolicyEdit'.[0m [1m[35m[plugin angular-compiler][0m

    C:/Users/Vinaykumar.R/Desktop/Redis API Rate Limiting and DDoS Protection POC/frontend/src/app/features/admin/policy-editor.component.ts:131:10:
[37m      131 │           [32mtier[37m: this.fTier().trim() === '' ? null : this.fTier()....
          ╵           [32m~~~~[0m


[31mX [41;31m[[41;97mERROR[41;31m][0m [1mTS2339: Property 'fTier' does not exist on type 'PolicyEditorComponent'.[0m [1m[35m[plugin angular-compiler][0m

    C:/Users/Vinaykumar.R/Desktop/Redis API Rate Limiting and DDoS Protection POC/frontend/src/app/features/admin/policy-editor.component.ts:131:21:
[37m      131 │           tier: this.[32mfTier[37m().trim() === '' ? null : this.fTier()....
          ╵                      [32m~~~~~[0m


[31mX [41;31m[[41;97mERROR[41;31m][0m [1mTS2339: Property 'fTier' does not exist on type 'PolicyEditorComponent'.[0m [1m[35m[plugin angular-compiler][0m

    C:/Users/Vinaykumar.R/Desktop/Redis API Rate Limiting and DDoS Protection POC/frontend/src/app/features/admin/policy-editor.component.ts:131:57:
[37m      131 │ ...   tier: this.fTier().trim() === '' ? null : this.[32mfTier[37m().trim(),
          ╵                                                      [32m~~~~~[0m


[31mX [41;31m[[41;97mERROR[41;31m][0m [1mTS2339: Property 'fTier' does not exist on type 'PolicyEditorComponent'.[0m [1m[35m[plugin angular-compiler][0m

    C:/Users/Vinaykumar.R/Desktop/Redis API Rate Limiting and DDoS Protection POC/frontend/src/app/features/admin/policy-editor.component.html:104:58:
[37m      104 │ ...xt" name="f-tier" [ngModel]="[32mfTier[37m()" (ngModelChange)="fTier.s...
          ╵                                 [32m~~~~~[0m

  Error occurs in the template of component PolicyEditorComponent.

    C:/Users/Vinaykumar.R/Desktop/Redis API Rate Limiting and DDoS Protection POC/frontend/src/app/features/admin/policy-editor.component.ts:32:15:
[37m      32 │   templateUrl: [32m'./policy-editor.component.html'[37m,
         ╵                [32m~~~~~~~~~~~~~~~~~~~~~~~~~~~~~~~~[0m


[31mX [41;31m[[41;97mERROR[41;31m][0m [1mTS2339: Property 'fTier' does not exist on type 'PolicyEditorComponent'.[0m [1m[35m[plugin angular-compiler][0m

    C:/Users/Vinaykumar.R/Desktop/Redis API Rate Limiting and DDoS Protection POC/frontend/src/app/features/admin/policy-editor.component.html:104:84:
[37m      104 │ ...]="fTier()" (ngModelChange)="[32mfTier[37m.set($event)" placeholder="p...
          ╵                                 [32m~~~~~[0m

  Error occurs in the template of component PolicyEditorComponent.

    C:/Users/Vinaykumar.R/Desktop/Redis API Rate Limiting and DDoS Protection POC/frontend/src/app/features/admin/policy-editor.component.ts:32:15:
[37m      32 │   templateUrl: [32m'./policy-editor.component.html'[37m,
         ╵                [32m~~~~~~~~~~~~~~~~~~~~~~~~~~~~~~~~[0m


[31mX [41;31m[[41;97mERROR[41;31m][0m [1mTS2353: Object literal may only specify known properties, and 'tier' does not exist in type 'PolicyEdit'.[0m [1m[35m[plugin angular-compiler][0m

    C:/Users/Vinaykumar.R/Desktop/Redis API Rate Limiting and DDoS Protection POC/frontend/src/app/features/admin/policy-editor.component.ts:130:10:
[37m      130 │           [32mtier[37m: this.fTier().trim() === '' ? null : this.fTier()....
          ╵           [32m~~~~[0m


[31mX [41;31m[[41;97mERROR[41;31m][0m [1mTS2339: Property 'fTier' does not exist on type 'PolicyEditorComponent'.[0m [1m[35m[plugin angular-compiler][0m

    C:/Users/Vinaykumar.R/Desktop/Redis API Rate Limiting and DDoS Protection POC/frontend/src/app/features/admin/policy-editor.component.ts:130:21:
[37m      130 │           tier: this.[32mfTier[37m().trim() === '' ? null : this.fTier()....
          ╵                      [32m~~~~~[0m


[31mX [41;31m[[41;97mERROR[41;31m][0m [1mTS2339: Property 'fTier' does not exist on type 'PolicyEditorComponent'.[0m [1m[35m[plugin angular-compiler][0m

    C:/Users/Vinaykumar.R/Desktop/Redis API Rate Limiting and DDoS Protection POC/frontend/src/app/features/admin/policy-editor.component.ts:130:57:
[37m      130 │ ...   tier: this.fTier().trim() === '' ? null : this.[32mfTier[37m().trim(),
          ╵                                                      [32m~~~~~[0m


[31mX [41;31m[[41;97mERROR[41;31m][0m [1mTS2339: Property 'fTier' does not exist on type 'PolicyEditorComponent'.[0m [1m[35m[plugin angular-compiler][0m

    C:/Users/Vinaykumar.R/Desktop/Redis API Rate Limiting and DDoS Protection POC/frontend/src/app/features/admin/policy-editor.component.html:104:58:
[37m      104 │ ...xt" name="f-tier" [ngModel]="[32mfTier[37m()" (ngModelChange)="fTier.s...
          ╵                                 [32m~~~~~[0m

  Error occurs in the template of component PolicyEditorComponent.

    C:/Users/Vinaykumar.R/Desktop/Redis API Rate Limiting and DDoS Protection POC/frontend/src/app/features/admin/policy-editor.component.ts:32:15:
[37m      32 │   templateUrl: [32m'./policy-editor.component.html'[37m,
         ╵                [32m~~~~~~~~~~~~~~~~~~~~~~~~~~~~~~~~[0m


[31mX [41;31m[[41;97mERROR[41;31m][0m [1mTS2339: Property 'fTier' does not exist on type 'PolicyEditorComponent'.[0m [1m[35m[plugin angular-compiler][0m

    C:/Users/Vinaykumar.R/Desktop/Redis API Rate Limiting and DDoS Protection POC/frontend/src/app/features/admin/policy-editor.component.html:104:84:
[37m      104 │ ...]="fTier()" (ngModelChange)="[32mfTier[37m.set($event)" placeholder="p...
          ╵                                 [32m~~~~~[0m

  Error occurs in the template of component PolicyEditorComponent.

    C:/Users/Vinaykumar.R/Desktop/Redis API Rate Limiting and DDoS Protection POC/frontend/src/app/features/admin/policy-editor.component.ts:32:15:
[37m      32 │   templateUrl: [32m'./policy-editor.component.html'[37m,
         ╵                [32m~~~~~~~~~~~~~~~~~~~~~~~~~~~~~~~~[0m


[31mX [41;31m[[41;97mERROR[41;31m][0m [1mTS2339: Property 'fTier' does not exist on type 'PolicyEditorComponent'.[0m [1m[35m[plugin angular-compiler][0m

    C:/Users/Vinaykumar.R/Desktop/Redis API Rate Limiting and DDoS Protection POC/frontend/src/app/features/admin/policy-editor.component.html:104:58:
[37m      104 │ ...xt" name="f-tier" [ngModel]="[32mfTier[37m()" (ngModelChange)="fTier.s...
          ╵                                 [32m~~~~~[0m

  Error occurs in the template of component PolicyEditorComponent.

    C:/Users/Vinaykumar.R/Desktop/Redis API Rate Limiting and DDoS Protection POC/frontend/src/app/features/admin/policy-editor.component.ts:32:15:
[37m      32 │   templateUrl: [32m'./policy-editor.component.html'[37m,
         ╵                [32m~~~~~~~~~~~~~~~~~~~~~~~~~~~~~~~~[0m


[31mX [41;31m[[41;97mERROR[41;31m][0m [1mTS2339: Property 'fTier' does not exist on type 'PolicyEditorComponent'.[0m [1m[35m[plugin angular-compiler][0m

    C:/Users/Vinaykumar.R/Desktop/Redis API Rate Limiting and DDoS Protection POC/frontend/src/app/features/admin/policy-editor.component.html:104:84:
[37m      104 │ ...]="fTier()" (ngModelChange)="[32mfTier[37m.set($event)" placeholder="p...
          ╵                                 [32m~~~~~[0m

  Error occurs in the template of component PolicyEditorComponent.

    C:/Users/Vinaykumar.R/Desktop/Redis API Rate Limiting and DDoS Protection POC/frontend/src/app/features/admin/policy-editor.component.ts:32:15:
[37m      32 │   templateUrl: [32m'./policy-editor.component.html'[37m,
         ╵                [32m~~~~~~~~~~~~~~~~~~~~~~~~~~~~~~~~[0m


[31mX [41;31m[[41;97mERROR[41;31m][0m [1mTS2339: Property 'fTier' does not exist on type 'PolicyEditorComponent'.[0m [1m[35m[plugin angular-compiler][0m

    C:/Users/Vinaykumar.R/Desktop/Redis API Rate Limiting and DDoS Protection POC/frontend/src/app/features/admin/policy-editor.component.html:104:58:
[37m      104 │ ...xt" name="f-tier" [ngModel]="[32mfTier[37m()" (ngModelChange)="fTier.s...
          ╵                                 [32m~~~~~[0m

  Error occurs in the template of component PolicyEditorComponent.

    C:/Users/Vinaykumar.R/Desktop/Redis API Rate Limiting and DDoS Protection POC/frontend/src/app/features/admin/policy-editor.component.ts:32:15:
[37m      32 │   templateUrl: [32m'./policy-editor.component.html'[37m,
         ╵                [32m~~~~~~~~~~~~~~~~~~~~~~~~~~~~~~~~[0m


[31mX [41;31m[[41;97mERROR[41;31m][0m [1mTS2339: Property 'fTier' does not exist on type 'PolicyEditorComponent'.[0m [1m[35m[plugin angular-compiler][0m

    C:/Users/Vinaykumar.R/Desktop/Redis API Rate Limiting and DDoS Protection POC/frontend/src/app/features/admin/policy-editor.component.html:104:84:
[37m      104 │ ...]="fTier()" (ngModelChange)="[32mfTier[37m.set($event)" placeholder="p...
          ╵                                 [32m~~~~~[0m

  Error occurs in the template of component PolicyEditorComponent.

    C:/Users/Vinaykumar.R/Desktop/Redis API Rate Limiting and DDoS Protection POC/frontend/src/app/features/admin/policy-editor.component.ts:32:15:
[37m      32 │   templateUrl: [32m'./policy-editor.component.html'[37m,
         ╵                [32m~~~~~~~~~~~~~~~~~~~~~~~~~~~~~~~~[0m


[31mX [41;31m[[41;97mERROR[41;31m][0m [1mTS2339: Property 'fTier' does not exist on type 'PolicyEditorComponent'.[0m [1m[35m[plugin angular-compiler][0m

    C:/Users/Vinaykumar.R/Desktop/Redis API Rate Limiting and DDoS Protection POC/frontend/src/app/features/admin/policy-editor.component.html:104:58:
[37m      104 │ ...xt" name="f-tier" [ngModel]="[32mfTier[37m()" (ngModelChange)="fTier.s...
          ╵                                 [32m~~~~~[0m

  Error occurs in the template of component PolicyEditorComponent.

    C:/Users/Vinaykumar.R/Desktop/Redis API Rate Limiting and DDoS Protection POC/frontend/src/app/features/admin/policy-editor.component.ts:32:15:
[37m      32 │   templateUrl: [32m'./policy-editor.component.html'[37m,
         ╵                [32m~~~~~~~~~~~~~~~~~~~~~~~~~~~~~~~~[0m


[31mX [41;31m[[41;97mERROR[41;31m][0m [1mTS2339: Property 'fTier' does not exist on type 'PolicyEditorComponent'.[0m [1m[35m[plugin angular-compiler][0m

    C:/Users/Vinaykumar.R/Desktop/Redis API Rate Limiting and DDoS Protection POC/frontend/src/app/features/admin/policy-editor.component.html:104:84:
[37m      104 │ ...]="fTier()" (ngModelChange)="[32mfTier[37m.set($event)" placeholder="p...
          ╵                                 [32m~~~~~[0m

  Error occurs in the template of component PolicyEditorComponent.

    C:/Users/Vinaykumar.R/Desktop/Redis API Rate Limiting and DDoS Protection POC/frontend/src/app/features/admin/policy-editor.component.ts:32:15:
[37m      32 │   templateUrl: [32m'./policy-editor.component.html'[37m,
         ╵                [32m~~~~~~~~~~~~~~~~~~~~~~~~~~~~~~~~[0m


[31mX [41;31m[[41;97mERROR[41;31m][0m [1mTS2339: Property 'fTier' does not exist on type 'PolicyEditorComponent'.[0m [1m[35m[plugin angular-compiler][0m

    C:/Users/Vinaykumar.R/Desktop/Redis API Rate Limiting and DDoS Protection POC/frontend/src/app/features/admin/policy-editor.component.html:104:58:
[37m      104 │ ...xt" name="f-tier" [ngModel]="[32mfTier[37m()" (ngModelChange)="fTier.s...
          ╵                                 [32m~~~~~[0m

  Error occurs in the template of component PolicyEditorComponent.

    C:/Users/Vinaykumar.R/Desktop/Redis API Rate Limiting and DDoS Protection POC/frontend/src/app/features/admin/policy-editor.component.ts:32:15:
[37m      32 │   templateUrl: [32m'./policy-editor.component.html'[37m,
         ╵                [32m~~~~~~~~~~~~~~~~~~~~~~~~~~~~~~~~[0m


[31mX [41;31m[[41;97mERROR[41;31m][0m [1mTS2339: Property 'fTier' does not exist on type 'PolicyEditorComponent'.[0m [1m[35m[plugin angular-compiler][0m

    C:/Users/Vinaykumar.R/Desktop/Redis API Rate Limiting and DDoS Protection POC/frontend/src/app/features/admin/policy-editor.component.html:104:84:
[37m      104 │ ...]="fTier()" (ngModelChange)="[32mfTier[37m.set($event)" placeholder="p...
          ╵                                 [32m~~~~~[0m

  Error occurs in the template of component PolicyEditorComponent.

    C:/Users/Vinaykumar.R/Desktop/Redis API Rate Limiting and DDoS Protection POC/frontend/src/app/features/admin/policy-editor.component.ts:32:15:
[37m      32 │   templateUrl: [32m'./policy-editor.component.html'[37m,
         ╵                [32m~~~~~~~~~~~~~~~~~~~~~~~~~~~~~~~~[0m


[2m6:21:07 pm[22m [31m[1m[vite][22m[39m [31mhttp proxy error: /actuator/health[39m
AggregateError [ECONNREFUSED]: 
    at internalConnectMultiple (node:net:1339:18)
    at afterConnectMultiple (node:net:1942:7)
[2m6:21:07 pm[22m [31m[1m[vite][22m[39m [31mhttp proxy error: /actuator/metrics/ratelimit.requests[39m
AggregateError [ECONNREFUSED]: 
    at internalConnectMultiple (node:net:1339:18)
    at afterConnectMultiple (node:net:1942:7)
[2m6:21:07 pm[22m [31m[1m[vite][22m[39m [31mhttp proxy error: /api/poc/policies[39m
AggregateError [ECONNREFUSED]: 
    at internalConnectMultiple (node:net:1339:18)
    at afterConnectMultiple (node:net:1942:7)
[2m6:21:16 pm[22m [31m[1m[vite][22m[39m [31mhttp proxy error: /actuator/health[39m
AggregateError [ECONNREFUSED]: 
    at internalConnectMultiple (node:net:1339:18)
    at afterConnectMultiple (node:net:1942:7)
[2m6:21:16 pm[22m [31m[1m[vite][22m[39m [31mhttp proxy error: /actuator/metrics/ratelimit.requests[39m
AggregateError [ECONNREFUSED]: 
    at internalConnectMultiple (node:net:1339:18)
    at afterConnectMultiple (node:net:1942:7)
[2m6:21:16 pm[22m [31m[1m[vite][22m[39m [31mhttp proxy error: /api/poc/policies[39m
AggregateError [ECONNREFUSED]: 
    at internalConnectMultiple (node:net:1339:18)
    at afterConnectMultiple (node:net:1942:7)
[2m6:21:27 pm[22m [31m[1m[vite][22m[39m [31mhttp proxy error: /actuator/health[39m
AggregateError [ECONNREFUSED]: 
    at internalConnectMultiple (node:net:1339:18)
    at afterConnectMultiple (node:net:1942:7)
[2m6:21:27 pm[22m [31m[1m[vite][22m[39m [31mhttp proxy error: /actuator/metrics/ratelimit.requests[39m
AggregateError [ECONNREFUSED]: 
    at internalConnectMultiple (node:net:1339:18)
    at afterConnectMultiple (node:net:1942:7)
[2m6:21:27 pm[22m [31m[1m[vite][22m[39m [31mhttp proxy error: /api/poc/policies[39m
AggregateError [ECONNREFUSED]: 
    at internalConnectMultiple (node:net:1339:18)
    at afterConnectMultiple (node:net:1942:7)
[2m6:21:36 pm[22m [31m[1m[vite][22m[39m [31mhttp proxy error: /actuator/health[39m
AggregateError [ECONNREFUSED]: 
    at internalConnectMultiple (node:net:1339:18)
    at afterConnectMultiple (node:net:1942:7)
[2m6:21:37 pm[22m [31m[1m[vite][22m[39m [31mhttp proxy error: /actuator/metrics/ratelimit.requests[39m
AggregateError [ECONNREFUSED]: 
    at internalConnectMultiple (node:net:1339:18)
    at afterConnectMultiple (node:net:1942:7)
[2m6:21:37 pm[22m [31m[1m[vite][22m[39m [31mhttp proxy error: /api/poc/policies[39m
AggregateError [ECONNREFUSED]: 
    at internalConnectMultiple (node:net:1339:18)
    at afterConnectMultiple (node:net:1942:7)
[2m6:21:46 pm[22m [31m[1m[vite][22m[39m [31mhttp proxy error: /actuator/health[39m
AggregateError [ECONNREFUSED]: 
    at internalConnectMultiple (node:net:1339:18)
    at afterConnectMultiple (node:net:1942:7)
[2m6:21:47 pm[22m [31m[1m[vite][22m[39m [31mhttp proxy error: /actuator/metrics/ratelimit.requests[39m
AggregateError [ECONNREFUSED]: 
    at internalConnectMultiple (node:net:1339:18)
    at afterConnectMultiple (node:net:1942:7)
[2m6:21:47 pm[22m [31m[1m[vite][22m[39m [31mhttp proxy error: /api/poc/policies[39m
AggregateError [ECONNREFUSED]: 
    at internalConnectMultiple (node:net:1339:18)
    at afterConnectMultiple (node:net:1942:7)
[2m6:21:56 pm[22m [31m[1m[vite][22m[39m [31mhttp proxy error: /actuator/health[39m
AggregateError [ECONNREFUSED]: 
    at internalConnectMultiple (node:net:1339:18)
    at afterConnectMultiple (node:net:1942:7)
[2m6:21:57 pm[22m [31m[1m[vite][22m[39m [31mhttp proxy error: /actuator/metrics/ratelimit.requests[39m
AggregateError [ECONNREFUSED]: 
    at internalConnectMultiple (node:net:1339:18)
    at afterConnectMultiple (node:net:1942:7)
[2m6:21:57 pm[22m [31m[1m[vite][22m[39m [31mhttp proxy error: /api/poc/policies[39m
AggregateError [ECONNREFUSED]: 
    at internalConnectMultiple (node:net:1339:18)
    at afterConnectMultiple (node:net:1942:7)
[2m6:22:06 pm[22m [31m[1m[vite][22m[39m [31mhttp proxy error: /actuator/health[39m
AggregateError [ECONNREFUSED]: 
    at internalConnectMultiple (node:net:1339:18)
    at afterConnectMultiple (node:net:1942:7)
[2m6:22:06 pm[22m [31m[1m[vite][22m[39m [31mhttp proxy error: /actuator/metrics/ratelimit.requests[39m
AggregateError [ECONNREFUSED]: 
    at internalConnectMultiple (node:net:1339:18)
    at afterConnectMultiple (node:net:1942:7)
[2m6:22:06 pm[22m [31m[1m[vite][22m[39m [31mhttp proxy error: /api/poc/policies[39m
AggregateError [ECONNREFUSED]: 
    at internalConnectMultiple (node:net:1339:18)
    at afterConnectMultiple (node:net:1942:7)
[2m6:22:17 pm[22m [31m[1m[vite][22m[39m [31mhttp proxy error: /actuator/health[39m
AggregateError [ECONNREFUSED]: 
    at internalConnectMultiple (node:net:1339:18)
    at afterConnectMultiple (node:net:1942:7)
[2m6:22:17 pm[22m [31m[1m[vite][22m[39m [31mhttp proxy error: /actuator/metrics/ratelimit.requests[39m
AggregateError [ECONNREFUSED]: 
    at internalConnectMultiple (node:net:1339:18)
    at afterConnectMultiple (node:net:1942:7)
[2m6:22:17 pm[22m [31m[1m[vite][22m[39m [31mhttp proxy error: /api/poc/policies[39m
AggregateError [ECONNREFUSED]: 
    at internalConnectMultiple (node:net:1339:18)
    at afterConnectMultiple (node:net:1942:7)
[2m6:22:27 pm[22m [31m[1m[vite][22m[39m [31mhttp proxy error: /actuator/health[39m
AggregateError [ECONNREFUSED]: 
    at internalConnectMultiple (node:net:1339:18)
    at afterConnectMultiple (node:net:1942:7)
[2m6:22:27 pm[22m [31m[1m[vite][22m[39m [31mhttp proxy error: /actuator/metrics/ratelimit.requests[39m
AggregateError [ECONNREFUSED]: 
    at internalConnectMultiple (node:net:1339:18)
    at afterConnectMultiple (node:net:1942:7)
[2m6:22:27 pm[22m [31m[1m[vite][22m[39m [31mhttp proxy error: /api/poc/policies[39m
AggregateError [ECONNREFUSED]: 
    at internalConnectMultiple (node:net:1339:18)
    at afterConnectMultiple (node:net:1942:7)
[2m6:22:37 pm[22m [31m[1m[vite][22m[39m [31mhttp proxy error: /actuator/health[39m
AggregateError [ECONNREFUSED]: 
    at internalConnectMultiple (node:net:1339:18)
    at afterConnectMultiple (node:net:1942:7)
[2m6:22:37 pm[22m [31m[1m[vite][22m[39m [31mhttp proxy error: /api/poc/policies[39m
AggregateError [ECONNREFUSED]: 
    at internalConnectMultiple (node:net:1339:18)
    at afterConnectMultiple (node:net:1942:7)
[2m6:22:37 pm[22m [31m[1m[vite][22m[39m [31mhttp proxy error: /actuator/metrics/ratelimit.requests[39m
AggregateError [ECONNREFUSED]: 
    at internalConnectMultiple (node:net:1339:18)
    at afterConnectMultiple (node:net:1942:7)
[2m6:22:46 pm[22m [31m[1m[vite][22m[39m [31mhttp proxy error: /actuator/health[39m
AggregateError [ECONNREFUSED]: 
    at internalConnectMultiple (node:net:1339:18)
    at afterConnectMultiple (node:net:1942:7)
[2m6:22:46 pm[22m [31m[1m[vite][22m[39m [31mhttp proxy error: /actuator/metrics/ratelimit.requests[39m
AggregateError [ECONNREFUSED]: 
    at internalConnectMultiple (node:net:1339:18)
    at afterConnectMultiple (node:net:1942:7)
[2m6:22:46 pm[22m [31m[1m[vite][22m[39m [31mhttp proxy error: /api/poc/policies[39m
AggregateError [ECONNREFUSED]: 
    at internalConnectMultiple (node:net:1339:18)
    at afterConnectMultiple (node:net:1942:7)
[2m6:22:57 pm[22m [31m[1m[vite][22m[39m [31mhttp proxy error: /actuator/health[39m
AggregateError [ECONNREFUSED]: 
    at internalConnectMultiple (node:net:1339:18)
    at afterConnectMultiple (node:net:1942:7)
[2m6:22:57 pm[22m [31m[1m[vite][22m[39m [31mhttp proxy error: /actuator/metrics/ratelimit.requests[39m
AggregateError [ECONNREFUSED]: 
    at internalConnectMultiple (node:net:1339:18)
    at afterConnectMultiple (node:net:1942:7)
[2m6:22:57 pm[22m [31m[1m[vite][22m[39m [31mhttp proxy error: /api/poc/policies[39m
AggregateError [ECONNREFUSED]: 
    at internalConnectMultiple (node:net:1339:18)
    at afterConnectMultiple (node:net:1942:7)
[2m6:23:06 pm[22m [31m[1m[vite][22m[39m [31mhttp proxy error: /actuator/health[39m
AggregateError [ECONNREFUSED]: 
    at internalConnectMultiple (node:net:1339:18)
    at afterConnectMultiple (node:net:1942:7)
[2m6:23:06 pm[22m [31m[1m[vite][22m[39m [31mhttp proxy error: /actuator/metrics/ratelimit.requests[39m
AggregateError [ECONNREFUSED]: 
    at internalConnectMultiple (node:net:1339:18)
    at afterConnectMultiple (node:net:1942:7)
[2m6:23:06 pm[22m [31m[1m[vite][22m[39m [31mhttp proxy error: /api/poc/policies[39m
AggregateError [ECONNREFUSED]: 
    at internalConnectMultiple (node:net:1339:18)
    at afterConnectMultiple (node:net:1942:7)
[2m6:23:16 pm[22m [31m[1m[vite][22m[39m [31mhttp proxy error: /actuator/health[39m
AggregateError [ECONNREFUSED]: 
    at internalConnectMultiple (node:net:1339:18)
    at afterConnectMultiple (node:net:1942:7)
[2m6:23:17 pm[22m [31m[1m[vite][22m[39m [31mhttp proxy error: /actuator/metrics/ratelimit.requests[39m
AggregateError [ECONNREFUSED]: 
    at internalConnectMultiple (node:net:1339:18)
    at afterConnectMultiple (node:net:1942:7)
[2m6:23:17 pm[22m [31m[1m[vite][22m[39m [31mhttp proxy error: /api/poc/policies[39m
AggregateError [ECONNREFUSED]: 
    at internalConnectMultiple (node:net:1339:18)
    at afterConnectMultiple (node:net:1942:7)
[2m6:23:27 pm[22m [31m[1m[vite][22m[39m [31mhttp proxy error: /actuator/health[39m
AggregateError [ECONNREFUSED]: 
    at internalConnectMultiple (node:net:1339:18)
    at afterConnectMultiple (node:net:1942:7)
[2m6:23:27 pm[22m [31m[1m[vite][22m[39m [31mhttp proxy error: /actuator/metrics/ratelimit.requests[39m
AggregateError [ECONNREFUSED]: 
    at internalConnectMultiple (node:net:1339:18)
    at afterConnectMultiple (node:net:1942:7)
[2m6:23:27 pm[22m [31m[1m[vite][22m[39m [31mhttp proxy error: /api/poc/policies[39m
AggregateError [ECONNREFUSED]: 
    at internalConnectMultiple (node:net:1339:18)
    at afterConnectMultiple (node:net:1942:7)
[2m6:23:36 pm[22m [31m[1m[vite][22m[39m [31mhttp proxy error: /actuator/health[39m
AggregateError [ECONNREFUSED]: 
    at internalConnectMultiple (node:net:1339:18)
    at afterConnectMultiple (node:net:1942:7)
[2m6:23:36 pm[22m [31m[1m[vite][22m[39m [31mhttp proxy error: /actuator/metrics/ratelimit.requests[39m
AggregateError [ECONNREFUSED]: 
    at internalConnectMultiple (node:net:1339:18)
    at afterConnectMultiple (node:net:1942:7)
[2m6:23:36 pm[22m [31m[1m[vite][22m[39m [31mhttp proxy error: /api/poc/policies[39m
AggregateError [ECONNREFUSED]: 
    at internalConnectMultiple (node:net:1339:18)
    at afterConnectMultiple (node:net:1942:7)
[2m6:23:46 pm[22m [31m[1m[vite][22m[39m [31mhttp proxy error: /actuator/health[39m
AggregateError [ECONNREFUSED]: 
    at internalConnectMultiple (node:net:1339:18)
    at afterConnectMultiple (node:net:1942:7)
[2m6:23:46 pm[22m [31m[1m[vite][22m[39m [31mhttp proxy error: /actuator/metrics/ratelimit.requests[39m
AggregateError [ECONNREFUSED]: 
    at internalConnectMultiple (node:net:1339:18)
    at afterConnectMultiple (node:net:1942:7)
[2m6:23:46 pm[22m [31m[1m[vite][22m[39m [31mhttp proxy error: /api/poc/policies[39m
AggregateError [ECONNREFUSED]: 
    at internalConnectMultiple (node:net:1339:18)
    at afterConnectMultiple (node:net:1942:7)
[2m6:23:56 pm[22m [31m[1m[vite][22m[39m [31mhttp proxy error: /actuator/health[39m
AggregateError [ECONNREFUSED]: 
    at internalConnectMultiple (node:net:1339:18)
    at afterConnectMultiple (node:net:1942:7)
[2m6:23:57 pm[22m [31m[1m[vite][22m[39m [31mhttp proxy error: /actuator/metrics/ratelimit.requests[39m
AggregateError [ECONNREFUSED]: 
    at internalConnectMultiple (node:net:1339:18)
    at afterConnectMultiple (node:net:1942:7)
[2m6:23:57 pm[22m [31m[1m[vite][22m[39m [31mhttp proxy error: /api/poc/policies[39m
AggregateError [ECONNREFUSED]: 
    at internalConnectMultiple (node:net:1339:18)
    at afterConnectMultiple (node:net:1942:7)
[2m6:24:16 pm[22m [31m[1m[vite][22m[39m [31mhttp proxy error: /actuator/health[39m
AggregateError [ECONNREFUSED]: 
    at internalConnectMultiple (node:net:1339:18)
    at afterConnectMultiple (node:net:1942:7)
[2m6:24:16 pm[22m [31m[1m[vite][22m[39m [31mhttp proxy error: /actuator/metrics/ratelimit.requests[39m
AggregateError [ECONNREFUSED]: 
    at internalConnectMultiple (node:net:1339:18)
    at afterConnectMultiple (node:net:1942:7)
[2m6:24:16 pm[22m [31m[1m[vite][22m[39m [31mhttp proxy error: /api/poc/policies[39m
AggregateError [ECONNREFUSED]: 
    at internalConnectMultiple (node:net:1339:18)
    at afterConnectMultiple (node:net:1942:7)
[2m6:24:26 pm[22m [31m[1m[vite][22m[39m [31mhttp proxy error: /actuator/health[39m
AggregateError [ECONNREFUSED]: 
    at internalConnectMultiple (node:net:1339:18)
    at afterConnectMultiple (node:net:1942:7)
[2m6:24:26 pm[22m [31m[1m[vite][22m[39m [31mhttp proxy error: /actuator/metrics/ratelimit.requests[39m
AggregateError [ECONNREFUSED]: 
    at internalConnectMultiple (node:net:1339:18)
    at afterConnectMultiple (node:net:1942:7)
[2m6:24:26 pm[22m [31m[1m[vite][22m[39m [31mhttp proxy error: /api/poc/policies[39m
AggregateError [ECONNREFUSED]: 
    at internalConnectMultiple (node:net:1339:18)
    at afterConnectMultiple (node:net:1942:7)
[2m6:24:36 pm[22m [31m[1m[vite][22m[39m [31mhttp proxy error: /actuator/health[39m
AggregateError [ECONNREFUSED]: 
    at internalConnectMultiple (node:net:1339:18)
    at afterConnectMultiple (node:net:1942:7)
[2m6:24:36 pm[22m [31m[1m[vite][22m[39m [31mhttp proxy error: /actuator/metrics/ratelimit.requests[39m
AggregateError [ECONNREFUSED]: 
    at internalConnectMultiple (node:net:1339:18)
    at afterConnectMultiple (node:net:1942:7)
[2m6:24:36 pm[22m [31m[1m[vite][22m[39m [31mhttp proxy error: /api/poc/policies[39m
AggregateError [ECONNREFUSED]: 
    at internalConnectMultiple (node:net:1339:18)
    at afterConnectMultiple (node:net:1942:7)
[2m6:24:46 pm[22m [31m[1m[vite][22m[39m [31mhttp proxy error: /actuator/health[39m
AggregateError [ECONNREFUSED]: 
    at internalConnectMultiple (node:net:1339:18)
    at afterConnectMultiple (node:net:1942:7)
[2m6:24:46 pm[22m [31m[1m[vite][22m[39m [31mhttp proxy error: /actuator/metrics/ratelimit.requests[39m
AggregateError [ECONNREFUSED]: 
    at internalConnectMultiple (node:net:1339:18)
    at afterConnectMultiple (node:net:1942:7)
[2m6:24:46 pm[22m [31m[1m[vite][22m[39m [31mhttp proxy error: /api/poc/policies[39m
AggregateError [ECONNREFUSED]: 
    at internalConnectMultiple (node:net:1339:18)
    at afterConnectMultiple (node:net:1942:7)
[2m6:24:56 pm[22m [31m[1m[vite][22m[39m [31mhttp proxy error: /actuator/health[39m
AggregateError [ECONNREFUSED]: 
    at internalConnectMultiple (node:net:1339:18)
    at afterConnectMultiple (node:net:1942:7)
[2m6:24:56 pm[22m [31m[1m[vite][22m[39m [31mhttp proxy error: /actuator/metrics/ratelimit.requests[39m
AggregateError [ECONNREFUSED]: 
    at internalConnectMultiple (node:net:1339:18)
    at afterConnectMultiple (node:net:1942:7)
[2m6:24:57 pm[22m [31m[1m[vite][22m[39m [31mhttp proxy error: /api/poc/policies[39m
AggregateError [ECONNREFUSED]: 
    at internalConnectMultiple (node:net:1339:18)
    at afterConnectMultiple (node:net:1942:7)
[2m6:25:06 pm[22m [31m[1m[vite][22m[39m [31mhttp proxy error: /actuator/health[39m
AggregateError [ECONNREFUSED]: 
    at internalConnectMultiple (node:net:1339:18)
    at afterConnectMultiple (node:net:1942:7)
[2m6:25:06 pm[22m [31m[1m[vite][22m[39m [31mhttp proxy error: /actuator/metrics/ratelimit.requests[39m
AggregateError [ECONNREFUSED]: 
    at internalConnectMultiple (node:net:1339:18)
    at afterConnectMultiple (node:net:1942:7)
[2m6:25:06 pm[22m [31m[1m[vite][22m[39m [31mhttp proxy error: /api/poc/policies[39m
AggregateError [ECONNREFUSED]: 
    at internalConnectMultiple (node:net:1339:18)
    at afterConnectMultiple (node:net:1942:7)
[2m6:25:16 pm[22m [31m[1m[vite][22m[39m [31mhttp proxy error: /actuator/health[39m
AggregateError [ECONNREFUSED]: 
    at internalConnectMultiple (node:net:1339:18)
    at afterConnectMultiple (node:net:1942:7)
[2m6:25:16 pm[22m [31m[1m[vite][22m[39m [31mhttp proxy error: /actuator/metrics/ratelimit.requests[39m
AggregateError [ECONNREFUSED]: 
    at internalConnectMultiple (node:net:1339:18)
    at afterConnectMultiple (node:net:1942:7)
[2m6:25:16 pm[22m [31m[1m[vite][22m[39m [31mhttp proxy error: /api/poc/policies[39m
AggregateError [ECONNREFUSED]: 
    at internalConnectMultiple (node:net:1339:18)
    at afterConnectMultiple (node:net:1942:7)
[2m6:25:26 pm[22m [31m[1m[vite][22m[39m [31mhttp proxy error: /actuator/health[39m
AggregateError [ECONNREFUSED]: 
    at internalConnectMultiple (node:net:1339:18)
    at afterConnectMultiple (node:net:1942:7)
[2m6:25:26 pm[22m [31m[1m[vite][22m[39m [31mhttp proxy error: /actuator/metrics/ratelimit.requests[39m
AggregateError [ECONNREFUSED]: 
    at internalConnectMultiple (node:net:1339:18)
    at afterConnectMultiple (node:net:1942:7)
[2m6:25:26 pm[22m [31m[1m[vite][22m[39m [31mhttp proxy error: /api/poc/policies[39m
AggregateError [ECONNREFUSED]: 
    at internalConnectMultiple (node:net:1339:18)
    at afterConnectMultiple (node:net:1942:7)
[2m6:25:36 pm[22m [31m[1m[vite][22m[39m [31mhttp proxy error: /actuator/health[39m
AggregateError [ECONNREFUSED]: 
    at internalConnectMultiple (node:net:1339:18)
    at afterConnectMultiple (node:net:1942:7)
[2m6:25:37 pm[22m [31m[1m[vite][22m[39m [31mhttp proxy error: /actuator/metrics/ratelimit.requests[39m
AggregateError [ECONNREFUSED]: 
    at internalConnectMultiple (node:net:1339:18)
    at afterConnectMultiple (node:net:1942:7)
[2m6:25:37 pm[22m [31m[1m[vite][22m[39m [31mhttp proxy error: /api/poc/policies[39m
AggregateError [ECONNREFUSED]: 
    at internalConnectMultiple (node:net:1339:18)
    at afterConnectMultiple (node:net:1942:7)
[2m6:25:46 pm[22m [31m[1m[vite][22m[39m [31mhttp proxy error: /actuator/health[39m
AggregateError [ECONNREFUSED]: 
    at internalConnectMultiple (node:net:1339:18)
    at afterConnectMultiple (node:net:1942:7)
[2m6:25:47 pm[22m [31m[1m[vite][22m[39m [31mhttp proxy error: /api/poc/policies[39m
AggregateError [ECONNREFUSED]: 
    at internalConnectMultiple (node:net:1339:18)
    at afterConnectMultiple (node:net:1942:7)
[2m6:25:47 pm[22m [31m[1m[vite][22m[39m [31mhttp proxy error: /actuator/metrics/ratelimit.requests[39m
AggregateError [ECONNREFUSED]: 
    at internalConnectMultiple (node:net:1339:18)
    at afterConnectMultiple (node:net:1942:7)
[2m6:25:56 pm[22m [31m[1m[vite][22m[39m [31mhttp proxy error: /actuator/health[39m
AggregateError [ECONNREFUSED]: 
    at internalConnectMultiple (node:net:1339:18)
    at afterConnectMultiple (node:net:1942:7)
[2m6:25:56 pm[22m [31m[1m[vite][22m[39m [31mhttp proxy error: /actuator/metrics/ratelimit.requests[39m
AggregateError [ECONNREFUSED]: 
    at internalConnectMultiple (node:net:1339:18)
    at afterConnectMultiple (node:net:1942:7)
[2m6:25:56 pm[22m [31m[1m[vite][22m[39m [31mhttp proxy error: /api/poc/policies[39m
AggregateError [ECONNREFUSED]: 
    at internalConnectMultiple (node:net:1339:18)
    at afterConnectMultiple (node:net:1942:7)
[2m6:26:06 pm[22m [31m[1m[vite][22m[39m [31mhttp proxy error: /actuator/health[39m
AggregateError [ECONNREFUSED]: 
    at internalConnectMultiple (node:net:1339:18)
    at afterConnectMultiple (node:net:1942:7)
[2m6:26:06 pm[22m [31m[1m[vite][22m[39m [31mhttp proxy error: /actuator/metrics/ratelimit.requests[39m
AggregateError [ECONNREFUSED]: 
    at internalConnectMultiple (node:net:1339:18)
    at afterConnectMultiple (node:net:1942:7)
[2m6:26:06 pm[22m [31m[1m[vite][22m[39m [31mhttp proxy error: /api/poc/policies[39m
AggregateError [ECONNREFUSED]: 
    at internalConnectMultiple (node:net:1339:18)
    at afterConnectMultiple (node:net:1942:7)
[2m6:26:36 pm[22m [31m[1m[vite][22m[39m [31mhttp proxy error: /actuator/health[39m
AggregateError [ECONNREFUSED]: 
    at internalConnectMultiple (node:net:1339:18)
    at afterConnectMultiple (node:net:1942:7)
[2m6:26:37 pm[22m [31m[1m[vite][22m[39m [31mhttp proxy error: /actuator/metrics/ratelimit.requests[39m
AggregateError [ECONNREFUSED]: 
    at internalConnectMultiple (node:net:1339:18)
    at afterConnectMultiple (node:net:1942:7)
[2m6:26:37 pm[22m [31m[1m[vite][22m[39m [31mhttp proxy error: /api/poc/policies[39m
AggregateError [ECONNREFUSED]: 
    at internalConnectMultiple (node:net:1339:18)
    at afterConnectMultiple (node:net:1942:7)
[2m6:30:02 pm[22m [31m[1m[vite][22m[39m [31mhttp proxy error: /actuator/health[39m
AggregateError [ECONNREFUSED]: 
    at internalConnectMultiple (node:net:1339:18)
    at afterConnectMultiple (node:net:1942:7)
[2m6:30:02 pm[22m [31m[1m[vite][22m[39m [31mhttp proxy error: /actuator/metrics/ratelimit.requests[39m
AggregateError [ECONNREFUSED]: 
    at internalConnectMultiple (node:net:1339:18)
    at afterConnectMultiple (node:net:1942:7)
[2m6:30:02 pm[22m [31m[1m[vite][22m[39m [31mhttp proxy error: /api/poc/policies[39m
AggregateError [ECONNREFUSED]: 
    at internalConnectMultiple (node:net:1339:18)
    at afterConnectMultiple (node:net:1942:7)
[2m6:30:04 pm[22m [31m[1m[vite][22m[39m [31mhttp proxy error: /actuator/health[39m
AggregateError [ECONNREFUSED]: 
    at internalConnectMultiple (node:net:1339:18)
    at afterConnectMultiple (node:net:1942:7)
[2m6:30:04 pm[22m [31m[1m[vite][22m[39m [31mhttp proxy error: /actuator/metrics/ratelimit.requests[39m
AggregateError [ECONNREFUSED]: 
    at internalConnectMultiple (node:net:1339:18)
    at afterConnectMultiple (node:net:1942:7)
[2m6:30:04 pm[22m [31m[1m[vite][22m[39m [31mhttp proxy error: /api/poc/policies[39m
AggregateError [ECONNREFUSED]: 
    at internalConnectMultiple (node:net:1339:18)
    at afterConnectMultiple (node:net:1942:7)
[2m6:30:04 pm[22m [31m[1m[vite][22m[39m [31mhttp proxy error: /actuator/metrics/ratelimit.requests[39m
AggregateError [ECONNREFUSED]: 
    at internalConnectMultiple (node:net:1339:18)
    at afterConnectMultiple (node:net:1942:7)
[2m6:30:04 pm[22m [31m[1m[vite][22m[39m [31mhttp proxy error: /actuator/health[39m
AggregateError [ECONNREFUSED]: 
    at internalConnectMultiple (node:net:1339:18)
    at afterConnectMultiple (node:net:1942:7)
[2m6:30:04 pm[22m [31m[1m[vite][22m[39m [31mhttp proxy error: /api/poc/policies[39m
AggregateError [ECONNREFUSED]: 
    at internalConnectMultiple (node:net:1339:18)
    at afterConnectMultiple (node:net:1942:7)
[2m6:30:04 pm[22m [31m[1m[vite][22m[39m [31mhttp proxy error: /api/poc/policies[39m
AggregateError [ECONNREFUSED]: 
    at internalConnectMultiple (node:net:1339:18)
    at afterConnectMultiple (node:net:1942:7)
[2m6:31:05 pm[22m [31m[1m[vite][22m[39m [31mhttp proxy error: /actuator/health[39m
AggregateError [ECONNREFUSED]: 
    at internalConnectMultiple (node:net:1339:18)
    at afterConnectMultiple (node:net:1942:7)
[2m6:31:05 pm[22m [31m[1m[vite][22m[39m [31mhttp proxy error: /actuator/metrics/ratelimit.requests[39m
AggregateError [ECONNREFUSED]: 
    at internalConnectMultiple (node:net:1339:18)
    at afterConnectMultiple (node:net:1942:7)
[2m6:31:05 pm[22m [31m[1m[vite][22m[39m [31mhttp proxy error: /api/poc/policies[39m
AggregateError [ECONNREFUSED]: 
    at internalConnectMultiple (node:net:1339:18)
    at afterConnectMultiple (node:net:1942:7)
[2m6:31:08 pm[22m [31m[1m[vite][22m[39m [31mhttp proxy error: /api/admin/rate-limit/policies[39m
AggregateError [ECONNREFUSED]: 
    at internalConnectMultiple (node:net:1339:18)
    at afterConnectMultiple (node:net:1942:7)
[2m6:31:10 pm[22m [31m[1m[vite][22m[39m [31mhttp proxy error: /api/admin/rate-limit/policies[39m
AggregateError [ECONNREFUSED]: 
    at internalConnectMultiple (node:net:1339:18)
    at afterConnectMultiple (node:net:1942:7)
[2m6:31:14 pm[22m [31m[1m[vite][22m[39m [31mhttp proxy error: /actuator/health[39m
AggregateError [ECONNREFUSED]: 
    at internalConnectMultiple (node:net:1339:18)
    at afterConnectMultiple (node:net:1942:7)
[2m6:31:14 pm[22m [31m[1m[vite][22m[39m [31mhttp proxy error: /actuator/metrics/ratelimit.requests[39m
AggregateError [ECONNREFUSED]: 
    at internalConnectMultiple (node:net:1339:18)
    at afterConnectMultiple (node:net:1942:7)
[2m6:31:14 pm[22m [31m[1m[vite][22m[39m [31mhttp proxy error: /api/poc/policies[39m
AggregateError [ECONNREFUSED]: 
    at internalConnectMultiple (node:net:1339:18)
    at afterConnectMultiple (node:net:1942:7)
[2m6:32:55 pm[22m [31m[1m[vite][22m[39m [31mhttp proxy error: /actuator/health[39m
AggregateError [ECONNREFUSED]: 
    at internalConnectMultiple (node:net:1339:18)
    at afterConnectMultiple (node:net:1942:7)
[2m6:32:55 pm[22m [31m[1m[vite][22m[39m [31mhttp proxy error: /actuator/metrics/ratelimit.requests[39m
AggregateError [ECONNREFUSED]: 
    at internalConnectMultiple (node:net:1339:18)
    at afterConnectMultiple (node:net:1942:7)
[2m6:32:55 pm[22m [31m[1m[vite][22m[39m [31mhttp proxy error: /api/poc/policies[39m
AggregateError [ECONNREFUSED]: 
    at internalConnectMultiple (node:net:1339:18)
    at afterConnectMultiple (node:net:1942:7)
[2m6:34:34 pm[22m [31m[1m[vite][22m[39m [31mhttp proxy error: /actuator/health[39m
AggregateError [ECONNREFUSED]: 
    at internalConnectMultiple (node:net:1339:18)
    at afterConnectMultiple (node:net:1942:7)
[2m6:34:34 pm[22m [31m[1m[vite][22m[39m [31mhttp proxy error: /actuator/metrics/ratelimit.requests[39m
AggregateError [ECONNREFUSED]: 
    at internalConnectMultiple (node:net:1339:18)
    at afterConnectMultiple (node:net:1942:7)
[2m6:34:34 pm[22m [31m[1m[vite][22m[39m [31mhttp proxy error: /api/poc/policies[39m
AggregateError [ECONNREFUSED]: 
    at internalConnectMultiple (node:net:1339:18)
    at afterConnectMultiple (node:net:1942:7)
[2m6:35:43 pm[22m [31m[1m[vite][22m[39m [31mhttp proxy error: /actuator/health[39m
AggregateError [ECONNREFUSED]: 
    at internalConnectMultiple (node:net:1339:18)
    at afterConnectMultiple (node:net:1942:7)
[2m6:35:43 pm[22m [31m[1m[vite][22m[39m [31mhttp proxy error: /actuator/metrics/ratelimit.requests[39m
AggregateError [ECONNREFUSED]: 
    at internalConnectMultiple (node:net:1339:18)
    at afterConnectMultiple (node:net:1942:7)
[2m6:35:43 pm[22m [31m[1m[vite][22m[39m [31mhttp proxy error: /api/poc/policies[39m
AggregateError [ECONNREFUSED]: 
    at internalConnectMultiple (node:net:1339:18)
    at afterConnectMultiple (node:net:1942:7)
[2m6:35:44 pm[22m [31m[1m[vite][22m[39m [31mhttp proxy error: /actuator/health[39m
AggregateError [ECONNREFUSED]: 
    at internalConnectMultiple (node:net:1339:18)
    at afterConnectMultiple (node:net:1942:7)
[2m6:35:44 pm[22m [31m[1m[vite][22m[39m [31mhttp proxy error: /actuator/metrics/ratelimit.requests[39m
AggregateError [ECONNREFUSED]: 
    at internalConnectMultiple (node:net:1339:18)
    at afterConnectMultiple (node:net:1942:7)
[2m6:35:44 pm[22m [31m[1m[vite][22m[39m [31mhttp proxy error: /api/poc/policies[39m
AggregateError [ECONNREFUSED]: 
    at internalConnectMultiple (node:net:1339:18)
    at afterConnectMultiple (node:net:1942:7)
[2m6:35:54 pm[22m [31m[1m[vite][22m[39m [31mhttp proxy error: /actuator/health[39m
AggregateError [ECONNREFUSED]: 
    at internalConnectMultiple (node:net:1339:18)
    at afterConnectMultiple (node:net:1942:7)
[2m6:35:54 pm[22m [31m[1m[vite][22m[39m [31mhttp proxy error: /actuator/metrics/ratelimit.requests[39m
AggregateError [ECONNREFUSED]: 
    at internalConnectMultiple (node:net:1339:18)
    at afterConnectMultiple (node:net:1942:7)
[2m6:35:54 pm[22m [31m[1m[vite][22m[39m [31mhttp proxy error: /api/poc/policies[39m
AggregateError [ECONNREFUSED]: 
    at internalConnectMultiple (node:net:1339:18)
    at afterConnectMultiple (node:net:1942:7)
[2m6:36:04 pm[22m [31m[1m[vite][22m[39m [31mhttp proxy error: /actuator/health[39m
AggregateError [ECONNREFUSED]: 
    at internalConnectMultiple (node:net:1339:18)
    at afterConnectMultiple (node:net:1942:7)
[2m6:36:04 pm[22m [31m[1m[vite][22m[39m [31mhttp proxy error: /actuator/metrics/ratelimit.requests[39m
AggregateError [ECONNREFUSED]: 
    at internalConnectMultiple (node:net:1339:18)
    at afterConnectMultiple (node:net:1942:7)
[2m6:36:04 pm[22m [31m[1m[vite][22m[39m [31mhttp proxy error: /api/poc/policies[39m
AggregateError [ECONNREFUSED]: 
    at internalConnectMultiple (node:net:1339:18)
    at afterConnectMultiple (node:net:1942:7)
[2m6:36:14 pm[22m [31m[1m[vite][22m[39m [31mhttp proxy error: /actuator/health[39m
AggregateError [ECONNREFUSED]: 
    at internalConnectMultiple (node:net:1339:18)
    at afterConnectMultiple (node:net:1942:7)
[2m6:36:14 pm[22m [31m[1m[vite][22m[39m [31mhttp proxy error: /actuator/metrics/ratelimit.requests[39m
AggregateError [ECONNREFUSED]: 
    at internalConnectMultiple (node:net:1339:18)
    at afterConnectMultiple (node:net:1942:7)
[2m6:36:14 pm[22m [31m[1m[vite][22m[39m [31mhttp proxy error: /api/poc/policies[39m
AggregateError [ECONNREFUSED]: 
    at internalConnectMultiple (node:net:1339:18)
    at afterConnectMultiple (node:net:1942:7)
[2m6:36:24 pm[22m [31m[1m[vite][22m[39m [31mhttp proxy error: /actuator/health[39m
AggregateError [ECONNREFUSED]: 
    at internalConnectMultiple (node:net:1339:18)
    at afterConnectMultiple (node:net:1942:7)
[2m6:36:24 pm[22m [31m[1m[vite][22m[39m [31mhttp proxy error: /actuator/metrics/ratelimit.requests[39m
AggregateError [ECONNREFUSED]: 
    at internalConnectMultiple (node:net:1339:18)
    at afterConnectMultiple (node:net:1942:7)
[2m6:36:24 pm[22m [31m[1m[vite][22m[39m [31mhttp proxy error: /api/poc/policies[39m
AggregateError [ECONNREFUSED]: 
    at internalConnectMultiple (node:net:1339:18)
    at afterConnectMultiple (node:net:1942:7)
[2m6:40:21 pm[22m [31m[1m[vite][22m[39m [31mhttp proxy error: /actuator/health[39m
AggregateError [ECONNREFUSED]: 
    at internalConnectMultiple (node:net:1339:18)
    at afterConnectMultiple (node:net:1942:7)
[2m6:40:21 pm[22m [31m[1m[vite][22m[39m [31mhttp proxy error: /actuator/metrics/ratelimit.requests[39m
AggregateError [ECONNREFUSED]: 
    at internalConnectMultiple (node:net:1339:18)
    at afterConnectMultiple (node:net:1942:7)
[2m6:40:21 pm[22m [31m[1m[vite][22m[39m [31mhttp proxy error: /api/poc/policies[39m
AggregateError [ECONNREFUSED]: 
    at internalConnectMultiple (node:net:1339:18)
    at afterConnectMultiple (node:net:1942:7)
[2m6:40:24 pm[22m [31m[1m[vite][22m[39m [31mhttp proxy error: /actuator/health[39m
AggregateError [ECONNREFUSED]: 
    at internalConnectMultiple (node:net:1339:18)
    at afterConnectMultiple (node:net:1942:7)
[2m6:40:24 pm[22m [31m[1m[vite][22m[39m [31mhttp proxy error: /actuator/metrics/ratelimit.requests[39m
AggregateError [ECONNREFUSED]: 
    at internalConnectMultiple (node:net:1339:18)
    at afterConnectMultiple (node:net:1942:7)
[2m6:40:24 pm[22m [31m[1m[vite][22m[39m [31mhttp proxy error: /api/poc/policies[39m
AggregateError [ECONNREFUSED]: 
    at internalConnectMultiple (node:net:1339:18)
    at afterConnectMultiple (node:net:1942:7)
[2m6:40:34 pm[22m [31m[1m[vite][22m[39m [31mhttp proxy error: /actuator/health[39m
AggregateError [ECONNREFUSED]: 
    at internalConnectMultiple (node:net:1339:18)
    at afterConnectMultiple (node:net:1942:7)
[2m6:40:34 pm[22m [31m[1m[vite][22m[39m [31mhttp proxy error: /actuator/metrics/ratelimit.requests[39m
AggregateError [ECONNREFUSED]: 
    at internalConnectMultiple (node:net:1339:18)
    at afterConnectMultiple (node:net:1942:7)
[2m6:40:34 pm[22m [31m[1m[vite][22m[39m [31mhttp proxy error: /api/poc/policies[39m
AggregateError [ECONNREFUSED]: 
    at internalConnectMultiple (node:net:1339:18)
    at afterConnectMultiple (node:net:1942:7)
[2m6:42:15 pm[22m [31m[1m[vite][22m[39m [31mhttp proxy error: /actuator/health[39m
AggregateError [ECONNREFUSED]: 
    at internalConnectMultiple (node:net:1339:18)
    at afterConnectMultiple (node:net:1942:7)
[2m6:42:15 pm[22m [31m[1m[vite][22m[39m [31mhttp proxy error: /actuator/metrics/ratelimit.requests[39m
AggregateError [ECONNREFUSED]: 
    at internalConnectMultiple (node:net:1339:18)
    at afterConnectMultiple (node:net:1942:7)
[2m6:42:15 pm[22m [31m[1m[vite][22m[39m [31mhttp proxy error: /api/poc/policies[39m
AggregateError [ECONNREFUSED]: 
    at internalConnectMultiple (node:net:1339:18)
    at afterConnectMultiple (node:net:1942:7)
[2m6:42:41 pm[22m [31m[1m[vite][22m[39m [31mhttp proxy error: /actuator/health[39m
AggregateError [ECONNREFUSED]: 
    at internalConnectMultiple (node:net:1339:18)
    at afterConnectMultiple (node:net:1942:7)
[2m6:42:41 pm[22m [31m[1m[vite][22m[39m [31mhttp proxy error: /actuator/metrics/ratelimit.requests[39m
AggregateError [ECONNREFUSED]: 
    at internalConnectMultiple (node:net:1339:18)
    at afterConnectMultiple (node:net:1942:7)
[2m6:42:41 pm[22m [31m[1m[vite][22m[39m [31mhttp proxy error: /api/poc/policies[39m
AggregateError [ECONNREFUSED]: 
    at internalConnectMultiple (node:net:1339:18)
    at afterConnectMultiple (node:net:1942:7)
[2m6:42:47 pm[22m [31m[1m[vite][22m[39m [31mhttp proxy error: /actuator/health[39m
AggregateError [ECONNREFUSED]: 
    at internalConnectMultiple (node:net:1339:18)
    at afterConnectMultiple (node:net:1942:7)
[2m6:42:47 pm[22m [31m[1m[vite][22m[39m [31mhttp proxy error: /actuator/metrics/ratelimit.requests[39m
AggregateError [ECONNREFUSED]: 
    at internalConnectMultiple (node:net:1339:18)
    at afterConnectMultiple (node:net:1942:7)
[2m6:42:47 pm[22m [31m[1m[vite][22m[39m [31mhttp proxy error: /api/poc/policies[39m
AggregateError [ECONNREFUSED]: 
    at internalConnectMultiple (node:net:1339:18)
    at afterConnectMultiple (node:net:1942:7)
[2m6:42:47 pm[22m [31m[1m[vite][22m[39m [31mhttp proxy error: /actuator/health[39m
AggregateError [ECONNREFUSED]: 
    at internalConnectMultiple (node:net:1339:18)
    at afterConnectMultiple (node:net:1942:7)
[2m6:42:47 pm[22m [31m[1m[vite][22m[39m [31mhttp proxy error: /actuator/metrics/ratelimit.requests[39m
AggregateError [ECONNREFUSED]: 
    at internalConnectMultiple (node:net:1339:18)
    at afterConnectMultiple (node:net:1942:7)
[2m6:42:47 pm[22m [31m[1m[vite][22m[39m [31mhttp proxy error: /api/poc/policies[39m
AggregateError [ECONNREFUSED]: 
    at internalConnectMultiple (node:net:1339:18)
    at afterConnectMultiple (node:net:1942:7)
[2m6:42:48 pm[22m [31m[1m[vite][22m[39m [31mhttp proxy error: /actuator/health[39m
AggregateError [ECONNREFUSED]: 
    at internalConnectMultiple (node:net:1339:18)
    at afterConnectMultiple (node:net:1942:7)
[2m6:42:48 pm[22m [31m[1m[vite][22m[39m [31mhttp proxy error: /actuator/metrics/ratelimit.requests[39m
AggregateError [ECONNREFUSED]: 
    at internalConnectMultiple (node:net:1339:18)
    at afterConnectMultiple (node:net:1942:7)
[2m6:42:48 pm[22m [31m[1m[vite][22m[39m [31mhttp proxy error: /api/poc/policies[39m
AggregateError [ECONNREFUSED]: 
    at internalConnectMultiple (node:net:1339:18)
    at afterConnectMultiple (node:net:1942:7)
[2m6:42:51 pm[22m [31m[1m[vite][22m[39m [31mhttp proxy error: /actuator/health[39m
AggregateError [ECONNREFUSED]: 
    at internalConnectMultiple (node:net:1339:18)
    at afterConnectMultiple (node:net:1942:7)
[2m6:42:51 pm[22m [31m[1m[vite][22m[39m [31mhttp proxy error: /actuator/metrics/ratelimit.requests[39m
AggregateError [ECONNREFUSED]: 
    at internalConnectMultiple (node:net:1339:18)
    at afterConnectMultiple (node:net:1942:7)
[2m6:42:51 pm[22m [31m[1m[vite][22m[39m [31mhttp proxy error: /api/poc/policies[39m
AggregateError [ECONNREFUSED]: 
    at internalConnectMultiple (node:net:1339:18)
    at afterConnectMultiple (node:net:1942:7)
